,Año,Trimestre,Provincia,Accesos_Por_Cada_100_Hab,Fecha
0,2024.0,1.0,Buenos Aires,27.8,2024-01-01
2,2024.0,1.0,Catamarca,17.5,2024-01-01
3,2024.0,1.0,Chaco,12.48,2024-01-01
4,2024.0,1.0,Chubut,26.02,2024-01-01
5,2024.0,1.0,Córdoba,27.77,2024-01-01
6,2024.0,1.0,Corrientes,13.68,2024-01-01
7,2024.0,1.0,Entre Ríos,20.72,2024-01-01
8,2024.0,1.0,Formosa,10.08,2024-01-01
9,2024.0,1.0,Jujuy,14.74,2024-01-01
10,2024.0,1.0,La Pampa,33.11,2024-01-01
11,2024.0,1.0,La Rioja,21.3,2024-01-01
12,2024.0,1.0,Mendoza,14.67,2024-01-01
13,2024.0,1.0,Misiones,15.46,2024-01-01
14,2024.0,1.0,Neuquén,23.66,2024-01-01
15,2024.0,1.0,Río Negro,21.88,2024-01-01
16,2024.0,1.0,Salta,13.63,2024-01-01
17,2024.0,1.0,San Juan,13.15,2024-01-01
18,2024.0,1.0,San Luis,29.39,2024-01-01
19,2024.0,1.0,Santa Cruz,20.1,2024-01-01
20,2024.0,1.0,Santa Fe,25.28,2024-01-01
21,2024.0,1.0,Santiago Del Estero,12.26,2024-01-01
22,2024.0,1.0,Tierra Del Fuego,32.54,2024-01-01
23,2024.0,1.0,Tucumán,14.98,2024-01-01
24,2023.0,4.0,Buenos Aires,27.68,2023-10-01
26,2023.0,4.0,Catamarca,17.46,2023-10-01
27,2023.0,4.0,Chaco,11.85,2023-10-01
28,2023.0,4.0,Chubut,26.04,2023-10-01
29,2023.0,4.0,Córdoba,27.76,2023-10-01
30,2023.0,4.0,Corrientes,13.84,2023-10-01
31,2023.0,4.0,Entre Ríos,20.91,2023-10-01
32,2023.0,4.0,Formosa,9.98,2023-10-01
33,2023.0,4.0,Jujuy,14.77,2023-10-01
34,2023.0,4.0,La Pampa,32.93,2023-10-01
35,2023.0,4.0,La Rioja,21.35,2023-10-01
36,2023.0,4.0,Mendoza,14.55,2023-10-01
37,2023.0,4.0,Misiones,15.33,2023-10-01
38,2023.0,4.0,Neuquén,23.78,2023-10-01
39,2023.0,4.0,Río Negro,21.61,2023-10-01
40,2023.0,4.0,Salta,13.8,2023-10-01
41,2023.0,4.0,San Juan,12.75,2023-10-01
42,2023.0,4.0,San Luis,29.21,2023-10-01
43,2023.0,4.0,Santa Cruz,21.94,2023-10-01
44,2023.0,4.0,Santa Fe,25.08,2023-10-01
45,2023.0,4.0,Santiago Del Estero,12.18,2023-10-01
46,2023.0,4.0,Tierra Del Fuego,32.75,2023-10-01
47,2023.0,4.0,Tucumán,15.12,2023-10-01
48,2023.0,3.0,Buenos Aires,27.5,2023-07-01
50,2023.0,3.0,Catamarca,17.44,2023-07-01
51,2023.0,3.0,Chaco,11.46,2023-07-01
52,2023.0,3.0,Chubut,25.82,2023-07-01
53,2023.0,3.0,Córdoba,27.57,2023-07-01
54,2023.0,3.0,Corrientes,13.9,2023-07-01
55,2023.0,3.0,Entre Ríos,20.58,2023-07-01
56,2023.0,3.0,Formosa,9.89,2023-07-01
57,2023.0,3.0,Jujuy,14.73,2023-07-01
58,2023.0,3.0,La Pampa,32.62,2023-07-01
59,2023.0,3.0,La Rioja,21.41,2023-07-01
60,2023.0,3.0,Mendoza,14.52,2023-07-01
61,2023.0,3.0,Misiones,15.12,2023-07-01
62,2023.0,3.0,Neuquén,23.8,2023-07-01
63,2023.0,3.0,Río Negro,21.04,2023-07-01
64,2023.0,3.0,Salta,13.94,2023-07-01
65,2023.0,3.0,San Juan,12.85,2023-07-01
66,2023.0,3.0,San Luis,28.2,2023-07-01
67,2023.0,3.0,Santa Cruz,12.17,2023-07-01
68,2023.0,3.0,Santa Fe,24.87,2023-07-01
69,2023.0,3.0,Santiago Del Estero,12.08,2023-07-01
70,2023.0,3.0,Tierra Del Fuego,31.41,2023-07-01
71,2023.0,3.0,Tucumán,15.17,2023-07-01
72,2023.0,2.0,Buenos Aires,27.1,2023-04-01
74,2023.0,2.0,Catamarca,17.15,2023-04-01
75,2023.0,2.0,Chaco,11.46,2023-04-01
76,2023.0,2.0,Chubut,25.28,2023-04-01
77,2023.0,2.0,Córdoba,27.59,2023-04-01
78,2023.0,2.0,Corrientes,13.79,2023-04-01
79,2023.0,2.0,Entre Ríos,19.26,2023-04-01
80,2023.0,2.0,Formosa,9.75,2023-04-01
81,2023.0,2.0,Jujuy,14.78,2023-04-01
82,2023.0,2.0,La Pampa,32.4,2023-04-01
83,2023.0,2.0,La Rioja,21.3,2023-04-01
84,2023.0,2.0,Mendoza,14.54,2023-04-01
85,2023.0,2.0,Misiones,15.03,2023-04-01
86,2023.0,2.0,Neuquén,23.5,2023-04-01
87,2023.0,2.0,Río Negro,21.09,2023-04-01
88,2023.0,2.0,Salta,13.92,2023-04-01
89,2023.0,2.0,San Juan,12.1,2023-04-01
90,2023.0,2.0,San Luis,26.73,2023-04-01
91,2023.0,2.0,Santa Cruz,12.39,2023-04-01
92,2023.0,2.0,Santa Fe,24.79,2023-04-01
93,2023.0,2.0,Santiago Del Estero,11.7,2023-04-01
94,2023.0,2.0,Tierra Del Fuego,31.54,2023-04-01
95,2023.0,2.0,Tucumán,15.05,2023-04-01
96,2023.0,1.0,Buenos Aires,26.81,2023-01-01
98,2023.0,1.0,Catamarca,16.83,2023-01-01
99,2023.0,1.0,Chaco,11.53,2023-01-01
100,2023.0,1.0,Chubut,26.32,2023-01-01
101,2023.0,1.0,Córdoba,27.2,2023-01-01
102,2023.0,1.0,Corrientes,13.71,2023-01-01
103,2023.0,1.0,Entre Ríos,19.37,2023-01-01
104,2023.0,1.0,Formosa,9.87,2023-01-01
105,2023.0,1.0,Jujuy,14.88,2023-01-01
106,2023.0,1.0,La Pampa,31.81,2023-01-01
107,2023.0,1.0,La Rioja,21.23,2023-01-01
108,2023.0,1.0,Mendoza,14.34,2023-01-01
109,2023.0,1.0,Misiones,14.7,2023-01-01
110,2023.0,1.0,Neuquén,23.38,2023-01-01
111,2023.0,1.0,Río Negro,21.27,2023-01-01
112,2023.0,1.0,Salta,13.97,2023-01-01
113,2023.0,1.0,San Juan,12.67,2023-01-01
114,2023.0,1.0,San Luis,25.8,2023-01-01
115,2023.0,1.0,Santa Cruz,12.92,2023-01-01
116,2023.0,1.0,Santa Fe,24.57,2023-01-01
117,2023.0,1.0,Santiago Del Estero,11.8,2023-01-01
118,2023.0,1.0,Tierra Del Fuego,30.9,2023-01-01
119,2023.0,1.0,Tucumán,14.95,2023-01-01
120,2022.0,4.0,Buenos Aires,26.72,2022-10-01
122,2022.0,4.0,Catamarca,16.73,2022-10-01
123,2022.0,4.0,Chaco,11.66,2022-10-01
124,2022.0,4.0,Chubut,26.23,2022-10-01
125,2022.0,4.0,Córdoba,27.26,2022-10-01
126,2022.0,4.0,Corrientes,13.6,2022-10-01
127,2022.0,4.0,Entre Ríos,19.14,2022-10-01
128,2022.0,4.0,Formosa,10.03,2022-10-01
129,2022.0,4.0,Jujuy,14.95,2022-10-01
130,2022.0,4.0,La Pampa,31.23,2022-10-01
131,2022.0,4.0,La Rioja,21.26,2022-10-01
132,2022.0,4.0,Mendoza,14.33,2022-10-01
133,2022.0,4.0,Misiones,14.39,2022-10-01
134,2022.0,4.0,Neuquén,23.41,2022-10-01
135,2022.0,4.0,Río Negro,21.04,2022-10-01
136,2022.0,4.0,Salta,14.04,2022-10-01
137,2022.0,4.0,San Juan,12.96,2022-10-01
138,2022.0,4.0,San Luis,25.83,2022-10-01
139,2022.0,4.0,Santa Cruz,12.95,2022-10-01
140,2022.0,4.0,Santa Fe,24.65,2022-10-01
141,2022.0,4.0,Santiago Del Estero,11.92,2022-10-01
142,2022.0,4.0,Tierra Del Fuego,30.07,2022-10-01
143,2022.0,4.0,Tucumán,15.12,2022-10-01
144,2022.0,3.0,Buenos Aires,26.37,2022-07-01
146,2022.0,3.0,Catamarca,16.62,2022-07-01
147,2022.0,3.0,Chaco,11.72,2022-07-01
148,2022.0,3.0,Chubut,25.86,2022-07-01
149,2022.0,3.0,Córdoba,27.04,2022-07-01
150,2022.0,3.0,Corrientes,12.69,2022-07-01
151,2022.0,3.0,Entre Ríos,19.04,2022-07-01
152,2022.0,3.0,Formosa,11.14,2022-07-01
153,2022.0,3.0,Jujuy,15.06,2022-07-01
154,2022.0,3.0,La Pampa,31.82,2022-07-01
155,2022.0,3.0,La Rioja,21.47,2022-07-01
156,2022.0,3.0,Mendoza,14.24,2022-07-01
157,2022.0,3.0,Misiones,14.11,2022-07-01
158,2022.0,3.0,Neuquén,23.92,2022-07-01
159,2022.0,3.0,Río Negro,20.91,2022-07-01
160,2022.0,3.0,Salta,13.99,2022-07-01
161,2022.0,3.0,San Juan,12.94,2022-07-01
162,2022.0,3.0,San Luis,23.39,2022-07-01
163,2022.0,3.0,Santa Cruz,12.85,2022-07-01
164,2022.0,3.0,Santa Fe,24.7,2022-07-01
165,2022.0,3.0,Santiago Del Estero,11.91,2022-07-01
166,2022.0,3.0,Tierra Del Fuego,29.5,2022-07-01
167,2022.0,3.0,Tucumán,15.14,2022-07-01
168,2022.0,2.0,Buenos Aires,26.13,2022-04-01
170,2022.0,2.0,Catamarca,15.87,2022-04-01
171,2022.0,2.0,Chaco,11.7,2022-04-01
172,2022.0,2.0,Chubut,25.5,2022-04-01
173,2022.0,2.0,Córdoba,26.78,2022-04-01
174,2022.0,2.0,Corrientes,12.73,2022-04-01
175,2022.0,2.0,Entre Ríos,19.1,2022-04-01
176,2022.0,2.0,Formosa,11.05,2022-04-01
177,2022.0,2.0,Jujuy,14.66,2022-04-01
178,2022.0,2.0,La Pampa,30.63,2022-04-01
179,2022.0,2.0,La Rioja,21.33,2022-04-01
180,2022.0,2.0,Mendoza,13.78,2022-04-01
181,2022.0,2.0,Misiones,13.89,2022-04-01
182,2022.0,2.0,Neuquén,23.82,2022-04-01
183,2022.0,2.0,Río Negro,20.87,2022-04-01
184,2022.0,2.0,Salta,13.94,2022-04-01
185,2022.0,2.0,San Juan,12.6,2022-04-01
186,2022.0,2.0,San Luis,23.4,2022-04-01
187,2022.0,2.0,Santa Cruz,12.84,2022-04-01
188,2022.0,2.0,Santa Fe,24.5,2022-04-01
189,2022.0,2.0,Santiago Del Estero,11.84,2022-04-01
190,2022.0,2.0,Tierra Del Fuego,29.6,2022-04-01
191,2022.0,2.0,Tucumán,14.69,2022-04-01
192,2022.0,1.0,Buenos Aires,25.56,2022-01-01
194,2022.0,1.0,Catamarca,14.81,2022-01-01
195,2022.0,1.0,Chaco,11.78,2022-01-01
196,2022.0,1.0,Chubut,26.99,2022-01-01
197,2022.0,1.0,Córdoba,26.26,2022-01-01
198,2022.0,1.0,Corrientes,12.55,2022-01-01
199,2022.0,1.0,Entre Ríos,19.05,2022-01-01
200,2022.0,1.0,Formosa,8.9,2022-01-01
201,2022.0,1.0,Jujuy,14.85,2022-01-01
202,2022.0,1.0,La Pampa,30.2,2022-01-01
203,2022.0,1.0,La Rioja,20.97,2022-01-01
204,2022.0,1.0,Mendoza,13.6,2022-01-01
205,2022.0,1.0,Misiones,13.36,2022-01-01
206,2022.0,1.0,Neuquén,22.08,2022-01-01
207,2022.0,1.0,Río Negro,20.62,2022-01-01
208,2022.0,1.0,Salta,13.59,2022-01-01
209,2022.0,1.0,San Juan,11.09,2022-01-01
210,2022.0,1.0,San Luis,23.1,2022-01-01
211,2022.0,1.0,Santa Cruz,12.89,2022-01-01
212,2022.0,1.0,Santa Fe,24.31,2022-01-01
213,2022.0,1.0,Santiago Del Estero,11.71,2022-01-01
214,2022.0,1.0,Tierra Del Fuego,29.14,2022-01-01
215,2022.0,1.0,Tucumán,14.22,2022-01-01
216,2021.0,4.0,Buenos Aires,25.36,2021-10-01
218,2021.0,4.0,Catamarca,14.05,2021-10-01
219,2021.0,4.0,Chaco,11.77,2021-10-01
220,2021.0,4.0,Chubut,25.31,2021-10-01
221,2021.0,4.0,Córdoba,25.87,2021-10-01
222,2021.0,4.0,Corrientes,11.98,2021-10-01
223,2021.0,4.0,Entre Ríos,18.88,2021-10-01
224,2021.0,4.0,Formosa,8.77,2021-10-01
225,2021.0,4.0,Jujuy,14.56,2021-10-01
226,2021.0,4.0,La Pampa,29.51,2021-10-01
227,2021.0,4.0,La Rioja,20.74,2021-10-01
228,2021.0,4.0,Mendoza,13.26,2021-10-01
229,2021.0,4.0,Misiones,13.36,2021-10-01
230,2021.0,4.0,Neuquén,21.82,2021-10-01
231,2021.0,4.0,Río Negro,20.21,2021-10-01
232,2021.0,4.0,Salta,13.76,2021-10-01
233,2021.0,4.0,San Juan,10.08,2021-10-01
234,2021.0,4.0,San Luis,22.98,2021-10-01
235,2021.0,4.0,Santa Cruz,12.81,2021-10-01
236,2021.0,4.0,Santa Fe,24.24,2021-10-01
237,2021.0,4.0,Santiago Del Estero,11.68,2021-10-01
238,2021.0,4.0,Tierra Del Fuego,29.17,2021-10-01
239,2021.0,4.0,Tucumán,13.85,2021-10-01
240,2021.0,3.0,Buenos Aires,23.97,2021-07-01
242,2021.0,3.0,Catamarca,13.41,2021-07-01
243,2021.0,3.0,Chaco,11.48,2021-07-01
244,2021.0,3.0,Chubut,24.74,2021-07-01
245,2021.0,3.0,Córdoba,24.89,2021-07-01
246,2021.0,3.0,Corrientes,11.82,2021-07-01
247,2021.0,3.0,Entre Ríos,18.59,2021-07-01
248,2021.0,3.0,Formosa,8.64,2021-07-01
249,2021.0,3.0,Jujuy,14.24,2021-07-01
250,2021.0,3.0,La Pampa,27.77,2021-07-01
251,2021.0,3.0,La Rioja,20.57,2021-07-01
252,2021.0,3.0,Mendoza,12.71,2021-07-01
253,2021.0,3.0,Misiones,12.41,2021-07-01
254,2021.0,3.0,Neuquén,20.75,2021-07-01
255,2021.0,3.0,Río Negro,19.06,2021-07-01
256,2021.0,3.0,Salta,13.55,2021-07-01
257,2021.0,3.0,San Juan,10.05,2021-07-01
258,2021.0,3.0,San Luis,22.86,2021-07-01
259,2021.0,3.0,Santa Cruz,13.02,2021-07-01
260,2021.0,3.0,Santa Fe,23.59,2021-07-01
261,2021.0,3.0,Santiago Del Estero,11.66,2021-07-01
262,2021.0,3.0,Tierra Del Fuego,28.15,2021-07-01
263,2021.0,3.0,Tucumán,13.53,2021-07-01
264,2021.0,2.0,Buenos Aires,23.35,2021-04-01
266,2021.0,2.0,Catamarca,13.31,2021-04-01
267,2021.0,2.0,Chaco,11.58,2021-04-01
268,2021.0,2.0,Chubut,22.16,2021-04-01
269,2021.0,2.0,Córdoba,24.53,2021-04-01
270,2021.0,2.0,Corrientes,11.47,2021-04-01
271,2021.0,2.0,Entre Ríos,18.44,2021-04-01
272,2021.0,2.0,Formosa,8.46,2021-04-01
273,2021.0,2.0,Jujuy,14.37,2021-04-01
274,2021.0,2.0,La Pampa,27.04,2021-04-01
275,2021.0,2.0,La Rioja,20.49,2021-04-01
276,2021.0,2.0,Mendoza,11.43,2021-04-01
277,2021.0,2.0,Misiones,12.26,2021-04-01
278,2021.0,2.0,Neuquén,20.58,2021-04-01
279,2021.0,2.0,Río Negro,19.05,2021-04-01
280,2021.0,2.0,Salta,13.3,2021-04-01
281,2021.0,2.0,San Juan,10.01,2021-04-01
282,2021.0,2.0,San Luis,23.89,2021-04-01
283,2021.0,2.0,Santa Cruz,13.1,2021-04-01
284,2021.0,2.0,Santa Fe,23.6,2021-04-01
285,2021.0,2.0,Santiago Del Estero,11.55,2021-04-01
286,2021.0,2.0,Tierra Del Fuego,20.13,2021-04-01
287,2021.0,2.0,Tucumán,13.61,2021-04-01
288,2021.0,1.0,Buenos Aires,23.0,2021-01-01
290,2021.0,1.0,Catamarca,12.44,2021-01-01
291,2021.0,1.0,Chaco,11.53,2021-01-01
292,2021.0,1.0,Chubut,21.15,2021-01-01
293,2021.0,1.0,Córdoba,24.06,2021-01-01
294,2021.0,1.0,Corrientes,11.23,2021-01-01
295,2021.0,1.0,Entre Ríos,18.07,2021-01-01
296,2021.0,1.0,Formosa,8.33,2021-01-01
297,2021.0,1.0,Jujuy,14.23,2021-01-01
298,2021.0,1.0,La Pampa,26.94,2021-01-01
299,2021.0,1.0,La Rioja,13.26,2021-01-01
300,2021.0,1.0,Mendoza,10.93,2021-01-01
301,2021.0,1.0,Misiones,11.76,2021-01-01
302,2021.0,1.0,Neuquén,19.9,2021-01-01
303,2021.0,1.0,Río Negro,18.72,2021-01-01
304,2021.0,1.0,Salta,13.06,2021-01-01
305,2021.0,1.0,San Juan,9.95,2021-01-01
306,2021.0,1.0,San Luis,23.25,2021-01-01
307,2021.0,1.0,Santa Cruz,12.39,2021-01-01
308,2021.0,1.0,Santa Fe,23.24,2021-01-01
309,2021.0,1.0,Santiago Del Estero,11.33,2021-01-01
310,2021.0,1.0,Tierra Del Fuego,22.93,2021-01-01
311,2021.0,1.0,Tucumán,13.58,2021-01-01
312,2020.0,4.0,Buenos Aires,22.9,2020-10-01
314,2020.0,4.0,Catamarca,12.57,2020-10-01
315,2020.0,4.0,Chaco,11.5,2020-10-01
316,2020.0,4.0,Chubut,20.95,2020-10-01
317,2020.0,4.0,Córdoba,23.9,2020-10-01
318,2020.0,4.0,Corrientes,11.17,2020-10-01
319,2020.0,4.0,Entre Ríos,17.78,2020-10-01
320,2020.0,4.0,Formosa,8.27,2020-10-01
321,2020.0,4.0,Jujuy,13.67,2020-10-01
322,2020.0,4.0,La Pampa,26.94,2020-10-01
323,2020.0,4.0,La Rioja,13.34,2020-10-01
324,2020.0,4.0,Mendoza,10.78,2020-10-01
325,2020.0,4.0,Misiones,11.61,2020-10-01
326,2020.0,4.0,Neuquén,19.94,2020-10-01
327,2020.0,4.0,Río Negro,18.79,2020-10-01
328,2020.0,4.0,Salta,13.09,2020-10-01
329,2020.0,4.0,San Juan,9.25,2020-10-01
330,2020.0,4.0,San Luis,23.38,2020-10-01
331,2020.0,4.0,Santa Cruz,11.01,2020-10-01
332,2020.0,4.0,Santa Fe,23.14,2020-10-01
333,2020.0,4.0,Santiago Del Estero,10.86,2020-10-01
334,2020.0,4.0,Tierra Del Fuego,22.61,2020-10-01
335,2020.0,4.0,Tucumán,13.57,2020-10-01
336,2020.0,3.0,Buenos Aires,22.41,2020-07-01
338,2020.0,3.0,Catamarca,12.0,2020-07-01
339,2020.0,3.0,Chaco,11.1,2020-07-01
340,2020.0,3.0,Chubut,20.95,2020-07-01
341,2020.0,3.0,Córdoba,23.03,2020-07-01
342,2020.0,3.0,Corrientes,10.99,2020-07-01
343,2020.0,3.0,Entre Ríos,17.4,2020-07-01
344,2020.0,3.0,Formosa,8.12,2020-07-01
345,2020.0,3.0,Jujuy,13.82,2020-07-01
346,2020.0,3.0,La Pampa,26.12,2020-07-01
347,2020.0,3.0,La Rioja,13.34,2020-07-01
348,2020.0,3.0,Mendoza,10.42,2020-07-01
349,2020.0,3.0,Misiones,11.33,2020-07-01
350,2020.0,3.0,Neuquén,19.42,2020-07-01
351,2020.0,3.0,Río Negro,17.55,2020-07-01
352,2020.0,3.0,Salta,12.67,2020-07-01
353,2020.0,3.0,San Juan,9.88,2020-07-01
354,2020.0,3.0,San Luis,22.88,2020-07-01
355,2020.0,3.0,Santa Cruz,10.7,2020-07-01
356,2020.0,3.0,Santa Fe,22.68,2020-07-01
357,2020.0,3.0,Santiago Del Estero,10.76,2020-07-01
358,2020.0,3.0,Tierra Del Fuego,22.77,2020-07-01
359,2020.0,3.0,Tucumán,13.18,2020-07-01
360,2020.0,2.0,Buenos Aires,21.55,2020-04-01
362,2020.0,2.0,Catamarca,11.56,2020-04-01
363,2020.0,2.0,Chaco,10.65,2020-04-01
364,2020.0,2.0,Chubut,17.58,2020-04-01
365,2020.0,2.0,Córdoba,22.26,2020-04-01
366,2020.0,2.0,Corrientes,10.61,2020-04-01
367,2020.0,2.0,Entre Ríos,16.9,2020-04-01
368,2020.0,2.0,Formosa,7.93,2020-04-01
369,2020.0,2.0,Jujuy,12.25,2020-04-01
370,2020.0,2.0,La Pampa,25.07,2020-04-01
371,2020.0,2.0,La Rioja,13.27,2020-04-01
372,2020.0,2.0,Mendoza,10.12,2020-04-01
373,2020.0,2.0,Misiones,11.14,2020-04-01
374,2020.0,2.0,Neuquén,19.02,2020-04-01
375,2020.0,2.0,Río Negro,17.34,2020-04-01
376,2020.0,2.0,Salta,12.49,2020-04-01
377,2020.0,2.0,San Juan,8.94,2020-04-01
378,2020.0,2.0,San Luis,22.44,2020-04-01
379,2020.0,2.0,Santa Cruz,10.65,2020-04-01
380,2020.0,2.0,Santa Fe,22.01,2020-04-01
381,2020.0,2.0,Santiago Del Estero,10.79,2020-04-01
382,2020.0,2.0,Tierra Del Fuego,22.64,2020-04-01
383,2020.0,2.0,Tucumán,12.83,2020-04-01
384,2020.0,1.0,Buenos Aires,21.21,2020-01-01
386,2020.0,1.0,Catamarca,9.57,2020-01-01
387,2020.0,1.0,Chaco,10.02,2020-01-01
388,2020.0,1.0,Chubut,15.72,2020-01-01
389,2020.0,1.0,Córdoba,21.64,2020-01-01
390,2020.0,1.0,Corrientes,10.2,2020-01-01
391,2020.0,1.0,Entre Ríos,16.78,2020-01-01
392,2020.0,1.0,Formosa,7.69,2020-01-01
393,2020.0,1.0,Jujuy,11.93,2020-01-01
394,2020.0,1.0,La Pampa,24.96,2020-01-01
395,2020.0,1.0,La Rioja,12.34,2020-01-01
396,2020.0,1.0,Mendoza,9.25,2020-01-01
397,2020.0,1.0,Misiones,10.63,2020-01-01
398,2020.0,1.0,Neuquén,18.41,2020-01-01
399,2020.0,1.0,Río Negro,16.95,2020-01-01
400,2020.0,1.0,Salta,12.01,2020-01-01
401,2020.0,1.0,San Juan,8.25,2020-01-01
402,2020.0,1.0,San Luis,21.84,2020-01-01
403,2020.0,1.0,Santa Cruz,10.7,2020-01-01
404,2020.0,1.0,Santa Fe,21.86,2020-01-01
405,2020.0,1.0,Santiago Del Estero,10.54,2020-01-01
406,2020.0,1.0,Tierra Del Fuego,22.55,2020-01-01
407,2020.0,1.0,Tucumán,11.85,2020-01-01
408,2019.0,4.0,Buenos Aires,21.14,2019-10-01
410,2019.0,4.0,Catamarca,9.27,2019-10-01
411,2019.0,4.0,Chaco,9.85,2019-10-01
412,2019.0,4.0,Chubut,15.68,2019-10-01
413,2019.0,4.0,Córdoba,21.58,2019-10-01
414,2019.0,4.0,Corrientes,10.21,2019-10-01
415,2019.0,4.0,Entre Ríos,17.34,2019-10-01
416,2019.0,4.0,Formosa,7.76,2019-10-01
417,2019.0,4.0,Jujuy,11.6,2019-10-01
418,2019.0,4.0,La Pampa,25.34,2019-10-01
419,2019.0,4.0,La Rioja,12.55,2019-10-01
420,2019.0,4.0,Mendoza,9.39,2019-10-01
421,2019.0,4.0,Misiones,10.84,2019-10-01
422,2019.0,4.0,Neuquén,17.67,2019-10-01
423,2019.0,4.0,Río Negro,17.13,2019-10-01
424,2019.0,4.0,Salta,12.2,2019-10-01
425,2019.0,4.0,San Juan,8.37,2019-10-01
426,2019.0,4.0,San Luis,21.44,2019-10-01
427,2019.0,4.0,Santa Cruz,10.92,2019-10-01
428,2019.0,4.0,Santa Fe,21.85,2019-10-01
429,2019.0,4.0,Santiago Del Estero,10.65,2019-10-01
430,2019.0,4.0,Tierra Del Fuego,23.63,2019-10-01
431,2019.0,4.0,Tucumán,11.8,2019-10-01
432,2019.0,3.0,Buenos Aires,22.76,2019-07-01
434,2019.0,3.0,Catamarca,7.86,2019-07-01
435,2019.0,3.0,Chaco,9.58,2019-07-01
436,2019.0,3.0,Chubut,14.58,2019-07-01
437,2019.0,3.0,Córdoba,21.0,2019-07-01
438,2019.0,3.0,Corrientes,10.13,2019-07-01
439,2019.0,3.0,Entre Ríos,17.31,2019-07-01
440,2019.0,3.0,Formosa,7.66,2019-07-01
441,2019.0,3.0,Jujuy,11.33,2019-07-01
442,2019.0,3.0,La Pampa,25.52,2019-07-01
443,2019.0,3.0,La Rioja,12.76,2019-07-01
444,2019.0,3.0,Mendoza,11.37,2019-07-01
445,2019.0,3.0,Misiones,10.71,2019-07-01
446,2019.0,3.0,Neuquén,19.09,2019-07-01
447,2019.0,3.0,Río Negro,19.51,2019-07-01
448,2019.0,3.0,Salta,10.77,2019-07-01
449,2019.0,3.0,San Juan,9.44,2019-07-01
450,2019.0,3.0,San Luis,24.39,2019-07-01
451,2019.0,3.0,Santa Cruz,10.6,2019-07-01
452,2019.0,3.0,Santa Fe,21.66,2019-07-01
453,2019.0,3.0,Santiago Del Estero,13.73,2019-07-01
454,2019.0,3.0,Tierra Del Fuego,28.6,2019-07-01
455,2019.0,3.0,Tucumán,9.78,2019-07-01
456,2019.0,2.0,Buenos Aires,22.22,2019-04-01
458,2019.0,2.0,Catamarca,8.17,2019-04-01
459,2019.0,2.0,Chaco,9.13,2019-04-01
460,2019.0,2.0,Chubut,14.4,2019-04-01
461,2019.0,2.0,Córdoba,20.84,2019-04-01
462,2019.0,2.0,Corrientes,10.05,2019-04-01
463,2019.0,2.0,Entre Ríos,17.19,2019-04-01
464,2019.0,2.0,Formosa,7.74,2019-04-01
465,2019.0,2.0,Jujuy,11.38,2019-04-01
466,2019.0,2.0,La Pampa,25.4,2019-04-01
467,2019.0,2.0,La Rioja,12.97,2019-04-01
468,2019.0,2.0,Mendoza,11.37,2019-04-01
469,2019.0,2.0,Misiones,10.66,2019-04-01
470,2019.0,2.0,Neuquén,18.78,2019-04-01
471,2019.0,2.0,Río Negro,18.79,2019-04-01
472,2019.0,2.0,Salta,10.15,2019-04-01
473,2019.0,2.0,San Juan,9.07,2019-04-01
474,2019.0,2.0,San Luis,23.41,2019-04-01
475,2019.0,2.0,Santa Cruz,8.58,2019-04-01
476,2019.0,2.0,Santa Fe,21.2,2019-04-01
477,2019.0,2.0,Santiago Del Estero,13.1,2019-04-01
478,2019.0,2.0,Tierra Del Fuego,28.11,2019-04-01
479,2019.0,2.0,Tucumán,9.94,2019-04-01
480,2019.0,1.0,Buenos Aires,21.64,2019-01-01
482,2019.0,1.0,Catamarca,8.19,2019-01-01
483,2019.0,1.0,Chaco,8.72,2019-01-01
484,2019.0,1.0,Chubut,13.18,2019-01-01
485,2019.0,1.0,Córdoba,20.06,2019-01-01
486,2019.0,1.0,Corrientes,9.25,2019-01-01
487,2019.0,1.0,Entre Ríos,16.98,2019-01-01
488,2019.0,1.0,Formosa,7.55,2019-01-01
489,2019.0,1.0,Jujuy,11.87,2019-01-01
490,2019.0,1.0,La Pampa,25.16,2019-01-01
491,2019.0,1.0,La Rioja,13.36,2019-01-01
492,2019.0,1.0,Mendoza,10.51,2019-01-01
493,2019.0,1.0,Misiones,9.88,2019-01-01
494,2019.0,1.0,Neuquén,17.53,2019-01-01
495,2019.0,1.0,Río Negro,16.48,2019-01-01
496,2019.0,1.0,Salta,9.71,2019-01-01
497,2019.0,1.0,San Juan,8.11,2019-01-01
498,2019.0,1.0,San Luis,19.27,2019-01-01
499,2019.0,1.0,Santa Cruz,7.04,2019-01-01
500,2019.0,1.0,Santa Fe,21.06,2019-01-01
501,2019.0,1.0,Santiago Del Estero,9.31,2019-01-01
502,2019.0,1.0,Tierra Del Fuego,27.68,2019-01-01
503,2019.0,1.0,Tucumán,10.31,2019-01-01
504,2018.0,4.0,Buenos Aires,21.06,2018-10-01
506,2018.0,4.0,Catamarca,8.2,2018-10-01
507,2018.0,4.0,Chaco,8.71,2018-10-01
508,2018.0,4.0,Chubut,13.06,2018-10-01
509,2018.0,4.0,Córdoba,19.93,2018-10-01
510,2018.0,4.0,Corrientes,9.1,2018-10-01
511,2018.0,4.0,Entre Ríos,16.26,2018-10-01
512,2018.0,4.0,Formosa,7.57,2018-10-01
513,2018.0,4.0,Jujuy,11.9,2018-10-01
514,2018.0,4.0,La Pampa,24.22,2018-10-01
515,2018.0,4.0,La Rioja,13.4,2018-10-01
516,2018.0,4.0,Mendoza,10.54,2018-10-01
517,2018.0,4.0,Misiones,9.38,2018-10-01
518,2018.0,4.0,Neuquén,17.58,2018-10-01
519,2018.0,4.0,Río Negro,15.95,2018-10-01
520,2018.0,4.0,Salta,9.64,2018-10-01
521,2018.0,4.0,San Juan,8.13,2018-10-01
522,2018.0,4.0,San Luis,19.33,2018-10-01
523,2018.0,4.0,Santa Cruz,7.05,2018-10-01
524,2018.0,4.0,Santa Fe,20.62,2018-10-01
525,2018.0,4.0,Santiago Del Estero,9.28,2018-10-01
526,2018.0,4.0,Tierra Del Fuego,27.75,2018-10-01
527,2018.0,4.0,Tucumán,10.34,2018-10-01
528,2018.0,3.0,Buenos Aires,20.96,2018-07-01
530,2018.0,3.0,Catamarca,8.37,2018-07-01
531,2018.0,3.0,Chaco,8.63,2018-07-01
532,2018.0,3.0,Chubut,17.29,2018-07-01
533,2018.0,3.0,Córdoba,19.67,2018-07-01
534,2018.0,3.0,Corrientes,9.02,2018-07-01
535,2018.0,3.0,Entre Ríos,15.02,2018-07-01
536,2018.0,3.0,Formosa,7.53,2018-07-01
537,2018.0,3.0,Jujuy,5.95,2018-07-01
538,2018.0,3.0,La Pampa,23.64,2018-07-01
539,2018.0,3.0,La Rioja,13.51,2018-07-01
540,2018.0,3.0,Mendoza,10.6,2018-07-01
541,2018.0,3.0,Misiones,8.74,2018-07-01
542,2018.0,3.0,Neuquén,18.01,2018-07-01
543,2018.0,3.0,Río Negro,15.55,2018-07-01
544,2018.0,3.0,Salta,9.55,2018-07-01
545,2018.0,3.0,San Juan,8.42,2018-07-01
546,2018.0,3.0,San Luis,14.98,2018-07-01
547,2018.0,3.0,Santa Cruz,9.74,2018-07-01
548,2018.0,3.0,Santa Fe,19.94,2018-07-01
549,2018.0,3.0,Santiago Del Estero,9.0,2018-07-01
550,2018.0,3.0,Tierra Del Fuego,27.51,2018-07-01
551,2018.0,3.0,Tucumán,10.33,2018-07-01
552,2018.0,2.0,Buenos Aires,20.37,2018-04-01
554,2018.0,2.0,Catamarca,8.36,2018-04-01
555,2018.0,2.0,Chaco,8.35,2018-04-01
556,2018.0,2.0,Chubut,16.83,2018-04-01
557,2018.0,2.0,Córdoba,19.37,2018-04-01
558,2018.0,2.0,Corrientes,8.9,2018-04-01
559,2018.0,2.0,Entre Ríos,14.71,2018-04-01
560,2018.0,2.0,Formosa,7.49,2018-04-01
561,2018.0,2.0,Jujuy,5.99,2018-04-01
562,2018.0,2.0,La Pampa,23.41,2018-04-01
563,2018.0,2.0,La Rioja,13.57,2018-04-01
564,2018.0,2.0,Mendoza,10.32,2018-04-01
565,2018.0,2.0,Misiones,8.62,2018-04-01
566,2018.0,2.0,Neuquén,17.93,2018-04-01
567,2018.0,2.0,Río Negro,15.43,2018-04-01
568,2018.0,2.0,Salta,9.67,2018-04-01
569,2018.0,2.0,San Juan,8.39,2018-04-01
570,2018.0,2.0,San Luis,4.34,2018-04-01
571,2018.0,2.0,Santa Cruz,9.92,2018-04-01
572,2018.0,2.0,Santa Fe,19.68,2018-04-01
573,2018.0,2.0,Santiago Del Estero,8.75,2018-04-01
574,2018.0,2.0,Tierra Del Fuego,27.16,2018-04-01
575,2018.0,2.0,Tucumán,10.28,2018-04-01
576,2018.0,1.0,Buenos Aires,20.28,2018-01-01
578,2018.0,1.0,Catamarca,8.34,2018-01-01
579,2018.0,1.0,Chaco,8.24,2018-01-01
580,2018.0,1.0,Chubut,16.47,2018-01-01
581,2018.0,1.0,Córdoba,19.45,2018-01-01
582,2018.0,1.0,Corrientes,8.6,2018-01-01
583,2018.0,1.0,Entre Ríos,14.56,2018-01-01
584,2018.0,1.0,Formosa,5.45,2018-01-01
585,2018.0,1.0,Jujuy,5.91,2018-01-01
586,2018.0,1.0,La Pampa,23.64,2018-01-01
587,2018.0,1.0,La Rioja,13.69,2018-01-01
588,2018.0,1.0,Mendoza,10.35,2018-01-01
589,2018.0,1.0,Misiones,8.43,2018-01-01
590,2018.0,1.0,Neuquén,18.31,2018-01-01
591,2018.0,1.0,Río Negro,15.32,2018-01-01
592,2018.0,1.0,Salta,9.63,2018-01-01
593,2018.0,1.0,San Juan,8.31,2018-01-01
594,2018.0,1.0,San Luis,4.34,2018-01-01
595,2018.0,1.0,Santa Cruz,9.98,2018-01-01
596,2018.0,1.0,Santa Fe,19.58,2018-01-01
597,2018.0,1.0,Santiago Del Estero,8.68,2018-01-01
598,2018.0,1.0,Tierra Del Fuego,19.33,2018-01-01
599,2018.0,1.0,Tucumán,10.2,2018-01-01
600,2017.0,4.0,Buenos Aires,18.61,2017-10-01
602,2017.0,4.0,Catamarca,7.28,2017-10-01
603,2017.0,4.0,Chaco,8.23,2017-10-01
604,2017.0,4.0,Chubut,15.78,2017-10-01
605,2017.0,4.0,Córdoba,19.39,2017-10-01
606,2017.0,4.0,Corrientes,8.56,2017-10-01
607,2017.0,4.0,Entre Ríos,14.32,2017-10-01
608,2017.0,4.0,Formosa,5.41,2017-10-01
609,2017.0,4.0,Jujuy,5.82,2017-10-01
610,2017.0,4.0,La Pampa,23.41,2017-10-01
611,2017.0,4.0,La Rioja,13.73,2017-10-01
612,2017.0,4.0,Mendoza,9.3,2017-10-01
613,2017.0,4.0,Misiones,8.48,2017-10-01
614,2017.0,4.0,Neuquén,18.23,2017-10-01
615,2017.0,4.0,Río Negro,15.19,2017-10-01
616,2017.0,4.0,Salta,9.64,2017-10-01
617,2017.0,4.0,San Juan,7.72,2017-10-01
618,2017.0,4.0,San Luis,3.03,2017-10-01
619,2017.0,4.0,Santa Cruz,8.6,2017-10-01
620,2017.0,4.0,Santa Fe,19.41,2017-10-01
621,2017.0,4.0,Santiago Del Estero,7.23,2017-10-01
622,2017.0,4.0,Tierra Del Fuego,17.76,2017-10-01
623,2017.0,4.0,Tucumán,9.88,2017-10-01
624,2017.0,3.0,Buenos Aires,17.94,2017-07-01
626,2017.0,3.0,Catamarca,8.27,2017-07-01
627,2017.0,3.0,Chaco,8.01,2017-07-01
628,2017.0,3.0,Chubut,14.17,2017-07-01
629,2017.0,3.0,Córdoba,19.08,2017-07-01
630,2017.0,3.0,Corrientes,8.47,2017-07-01
631,2017.0,3.0,Entre Ríos,13.74,2017-07-01
632,2017.0,3.0,Formosa,5.43,2017-07-01
633,2017.0,3.0,Jujuy,5.79,2017-07-01
634,2017.0,3.0,La Pampa,22.78,2017-07-01
635,2017.0,3.0,La Rioja,13.7,2017-07-01
636,2017.0,3.0,Mendoza,9.96,2017-07-01
637,2017.0,3.0,Misiones,8.23,2017-07-01
638,2017.0,3.0,Neuquén,18.11,2017-07-01
639,2017.0,3.0,Río Negro,14.92,2017-07-01
640,2017.0,3.0,Salta,9.65,2017-07-01
641,2017.0,3.0,San Juan,8.25,2017-07-01
642,2017.0,3.0,San Luis,4.43,2017-07-01
643,2017.0,3.0,Santa Cruz,9.91,2017-07-01
644,2017.0,3.0,Santa Fe,19.15,2017-07-01
645,2017.0,3.0,Santiago Del Estero,8.72,2017-07-01
646,2017.0,3.0,Tierra Del Fuego,19.49,2017-07-01
647,2017.0,3.0,Tucumán,9.83,2017-07-01
648,2017.0,2.0,Buenos Aires,18.1,2017-04-01
650,2017.0,2.0,Catamarca,6.61,2017-04-01
651,2017.0,2.0,Chaco,7.76,2017-04-01
652,2017.0,2.0,Chubut,10.9,2017-04-01
653,2017.0,2.0,Córdoba,18.06,2017-04-01
654,2017.0,2.0,Corrientes,8.27,2017-04-01
655,2017.0,2.0,Entre Ríos,13.57,2017-04-01
656,2017.0,2.0,Formosa,5.08,2017-04-01
657,2017.0,2.0,Jujuy,5.73,2017-04-01
658,2017.0,2.0,La Pampa,20.92,2017-04-01
659,2017.0,2.0,La Rioja,4.31,2017-04-01
660,2017.0,2.0,Mendoza,8.86,2017-04-01
661,2017.0,2.0,Misiones,8.2,2017-04-01
662,2017.0,2.0,Neuquén,18.43,2017-04-01
663,2017.0,2.0,Río Negro,14.16,2017-04-01
664,2017.0,2.0,Salta,7.93,2017-04-01
665,2017.0,2.0,San Juan,6.87,2017-04-01
666,2017.0,2.0,San Luis,2.72,2017-04-01
667,2017.0,2.0,Santa Cruz,7.81,2017-04-01
668,2017.0,2.0,Santa Fe,16.44,2017-04-01
669,2017.0,2.0,Santiago Del Estero,3.5,2017-04-01
670,2017.0,2.0,Tierra Del Fuego,20.3,2017-04-01
671,2017.0,2.0,Tucumán,9.46,2017-04-01
672,2017.0,1.0,Buenos Aires,18.8,2017-01-01
674,2017.0,1.0,Catamarca,6.53,2017-01-01
675,2017.0,1.0,Chaco,7.65,2017-01-01
676,2017.0,1.0,Chubut,10.93,2017-01-01
677,2017.0,1.0,Córdoba,17.65,2017-01-01
678,2017.0,1.0,Corrientes,8.15,2017-01-01
679,2017.0,1.0,Entre Ríos,13.43,2017-01-01
680,2017.0,1.0,Formosa,5.05,2017-01-01
681,2017.0,1.0,Jujuy,5.82,2017-01-01
682,2017.0,1.0,La Pampa,20.65,2017-01-01
683,2017.0,1.0,La Rioja,4.31,2017-01-01
684,2017.0,1.0,Mendoza,8.89,2017-01-01
685,2017.0,1.0,Misiones,8.04,2017-01-01
686,2017.0,1.0,Neuquén,18.17,2017-01-01
687,2017.0,1.0,Río Negro,14.16,2017-01-01
688,2017.0,1.0,Salta,7.89,2017-01-01
689,2017.0,1.0,San Juan,6.89,2017-01-01
690,2017.0,1.0,San Luis,2.73,2017-01-01
691,2017.0,1.0,Santa Cruz,7.89,2017-01-01
692,2017.0,1.0,Santa Fe,16.34,2017-01-01
693,2017.0,1.0,Santiago Del Estero,3.65,2017-01-01
694,2017.0,1.0,Tierra Del Fuego,20.44,2017-01-01
695,2017.0,1.0,Tucumán,9.39,2017-01-01
696,2016.0,4.0,Buenos Aires,18.58,2016-10-01
698,2016.0,4.0,Catamarca,6.72,2016-10-01
699,2016.0,4.0,Chaco,7.65,2016-10-01
700,2016.0,4.0,Chubut,10.96,2016-10-01
701,2016.0,4.0,Córdoba,17.57,2016-10-01
702,2016.0,4.0,Corrientes,8.12,2016-10-01
703,2016.0,4.0,Entre Ríos,13.45,2016-10-01
704,2016.0,4.0,Formosa,5.03,2016-10-01
705,2016.0,4.0,Jujuy,5.76,2016-10-01
706,2016.0,4.0,La Pampa,20.67,2016-10-01
707,2016.0,4.0,La Rioja,4.35,2016-10-01
708,2016.0,4.0,Mendoza,8.91,2016-10-01
709,2016.0,4.0,Misiones,8.05,2016-10-01
710,2016.0,4.0,Neuquén,17.99,2016-10-01
711,2016.0,4.0,Río Negro,14.17,2016-10-01
712,2016.0,4.0,Salta,7.87,2016-10-01
713,2016.0,4.0,San Juan,6.91,2016-10-01
714,2016.0,4.0,San Luis,2.74,2016-10-01
715,2016.0,4.0,Santa Cruz,7.94,2016-10-01
716,2016.0,4.0,Santa Fe,16.35,2016-10-01
717,2016.0,4.0,Santiago Del Estero,3.72,2016-10-01
718,2016.0,4.0,Tierra Del Fuego,20.57,2016-10-01
719,2016.0,4.0,Tucumán,9.35,2016-10-01
720,2016.0,3.0,Buenos Aires,18.3,2016-07-01
722,2016.0,3.0,Catamarca,6.72,2016-07-01
723,2016.0,3.0,Chaco,7.71,2016-07-01
724,2016.0,3.0,Chubut,11.04,2016-07-01
725,2016.0,3.0,Córdoba,17.79,2016-07-01
726,2016.0,3.0,Corrientes,8.16,2016-07-01
727,2016.0,3.0,Entre Ríos,13.55,2016-07-01
728,2016.0,3.0,Formosa,4.73,2016-07-01
729,2016.0,3.0,Jujuy,5.76,2016-07-01
730,2016.0,3.0,La Pampa,20.29,2016-07-01
731,2016.0,3.0,La Rioja,4.53,2016-07-01
732,2016.0,3.0,Mendoza,8.93,2016-07-01
733,2016.0,3.0,Misiones,8.12,2016-07-01
734,2016.0,3.0,Neuquén,17.86,2016-07-01
735,2016.0,3.0,Río Negro,14.22,2016-07-01
736,2016.0,3.0,Salta,7.96,2016-07-01
737,2016.0,3.0,San Juan,6.94,2016-07-01
738,2016.0,3.0,San Luis,2.75,2016-07-01
739,2016.0,3.0,Santa Cruz,7.93,2016-07-01
740,2016.0,3.0,Santa Fe,16.53,2016-07-01
741,2016.0,3.0,Santiago Del Estero,3.79,2016-07-01
742,2016.0,3.0,Tierra Del Fuego,20.31,2016-07-01
743,2016.0,3.0,Tucumán,9.36,2016-07-01
744,2016.0,2.0,Buenos Aires,18.1,2016-04-01
746,2016.0,2.0,Catamarca,6.63,2016-04-01
747,2016.0,2.0,Chaco,7.64,2016-04-01
748,2016.0,2.0,Chubut,11.07,2016-04-01
749,2016.0,2.0,Córdoba,17.62,2016-04-01
750,2016.0,2.0,Corrientes,8.05,2016-04-01
751,2016.0,2.0,Entre Ríos,13.38,2016-04-01
752,2016.0,2.0,Formosa,4.93,2016-04-01
753,2016.0,2.0,Jujuy,5.6,2016-04-01
754,2016.0,2.0,La Pampa,19.91,2016-04-01
755,2016.0,2.0,La Rioja,4.49,2016-04-01
756,2016.0,2.0,Mendoza,8.97,2016-04-01
757,2016.0,2.0,Misiones,7.96,2016-04-01
758,2016.0,2.0,Neuquén,17.59,2016-04-01
759,2016.0,2.0,Río Negro,14.22,2016-04-01
760,2016.0,2.0,Salta,7.77,2016-04-01
761,2016.0,2.0,San Juan,6.96,2016-04-01
762,2016.0,2.0,San Luis,2.75,2016-04-01
763,2016.0,2.0,Santa Cruz,7.96,2016-04-01
764,2016.0,2.0,Santa Fe,16.49,2016-04-01
765,2016.0,2.0,Santiago Del Estero,3.94,2016-04-01
766,2016.0,2.0,Tierra Del Fuego,20.08,2016-04-01
767,2016.0,2.0,Tucumán,9.22,2016-04-01
768,2016.0,1.0,Buenos Aires,17.54,2016-01-01
770,2016.0,1.0,Catamarca,6.61,2016-01-01
771,2016.0,1.0,Chaco,7.52,2016-01-01
772,2016.0,1.0,Chubut,11.12,2016-01-01
773,2016.0,1.0,Córdoba,16.97,2016-01-01
774,2016.0,1.0,Corrientes,7.94,2016-01-01
775,2016.0,1.0,Entre Ríos,13.14,2016-01-01
776,2016.0,1.0,Formosa,4.86,2016-01-01
777,2016.0,1.0,Jujuy,5.49,2016-01-01
778,2016.0,1.0,La Pampa,19.1,2016-01-01
779,2016.0,1.0,La Rioja,4.5,2016-01-01
780,2016.0,1.0,Mendoza,8.99,2016-01-01
781,2016.0,1.0,Misiones,7.75,2016-01-01
782,2016.0,1.0,Neuquén,16.66,2016-01-01
783,2016.0,1.0,Río Negro,14.15,2016-01-01
784,2016.0,1.0,Salta,7.61,2016-01-01
785,2016.0,1.0,San Juan,6.98,2016-01-01
786,2016.0,1.0,San Luis,2.75,2016-01-01
787,2016.0,1.0,Santa Cruz,8.05,2016-01-01
788,2016.0,1.0,Santa Fe,16.16,2016-01-01
789,2016.0,1.0,Santiago Del Estero,4.03,2016-01-01
790,2016.0,1.0,Tierra Del Fuego,19.65,2016-01-01
791,2016.0,1.0,Tucumán,9.13,2016-01-01
792,2015.0,4.0,Buenos Aires,17.68,2015-10-01
794,2015.0,4.0,Catamarca,6.64,2015-10-01
795,2015.0,4.0,Chaco,7.54,2015-10-01
796,2015.0,4.0,Chubut,11.21,2015-10-01
797,2015.0,4.0,Córdoba,17.47,2015-10-01
798,2015.0,4.0,Corrientes,7.95,2015-10-01
799,2015.0,4.0,Entre Ríos,13.12,2015-10-01
800,2015.0,4.0,Formosa,4.83,2015-10-01
801,2015.0,4.0,Jujuy,5.46,2015-10-01
802,2015.0,4.0,La Pampa,19.27,2015-10-01
803,2015.0,4.0,La Rioja,4.58,2015-10-01
804,2015.0,4.0,Mendoza,9.02,2015-10-01
805,2015.0,4.0,Misiones,7.77,2015-10-01
806,2015.0,4.0,Neuquén,17.23,2015-10-01
807,2015.0,4.0,Río Negro,14.19,2015-10-01
808,2015.0,4.0,Salta,7.6,2015-10-01
809,2015.0,4.0,San Juan,7.01,2015-10-01
810,2015.0,4.0,San Luis,2.76,2015-10-01
811,2015.0,4.0,Santa Cruz,8.14,2015-10-01
812,2015.0,4.0,Santa Fe,16.47,2015-10-01
813,2015.0,4.0,Santiago Del Estero,4.2,2015-10-01
814,2015.0,4.0,Tierra Del Fuego,19.44,2015-10-01
815,2015.0,4.0,Tucumán,9.12,2015-10-01
816,2015.0,3.0,Buenos Aires,17.55,2015-07-01
818,2015.0,3.0,Catamarca,6.56,2015-07-01
819,2015.0,3.0,Chaco,7.45,2015-07-01
820,2015.0,3.0,Chubut,11.23,2015-07-01
821,2015.0,3.0,Córdoba,17.43,2015-07-01
822,2015.0,3.0,Corrientes,7.93,2015-07-01
823,2015.0,3.0,Entre Ríos,13.03,2015-07-01
824,2015.0,3.0,Formosa,4.78,2015-07-01
825,2015.0,3.0,Jujuy,5.42,2015-07-01
826,2015.0,3.0,La Pampa,19.06,2015-07-01
827,2015.0,3.0,La Rioja,4.55,2015-07-01
828,2015.0,3.0,Mendoza,9.04,2015-07-01
829,2015.0,3.0,Misiones,7.69,2015-07-01
830,2015.0,3.0,Neuquén,16.2,2015-07-01
831,2015.0,3.0,Río Negro,14.22,2015-07-01
832,2015.0,3.0,Salta,7.53,2015-07-01
833,2015.0,3.0,San Juan,7.03,2015-07-01
834,2015.0,3.0,San Luis,2.77,2015-07-01
835,2015.0,3.0,Santa Cruz,8.16,2015-07-01
836,2015.0,3.0,Santa Fe,16.36,2015-07-01
837,2015.0,3.0,Santiago Del Estero,4.24,2015-07-01
838,2015.0,3.0,Tierra Del Fuego,22.05,2015-07-01
839,2015.0,3.0,Tucumán,9.04,2015-07-01
840,2015.0,2.0,Buenos Aires,17.33,2015-04-01
842,2015.0,2.0,Catamarca,6.48,2015-04-01
843,2015.0,2.0,Chaco,7.34,2015-04-01
844,2015.0,2.0,Chubut,11.22,2015-04-01
845,2015.0,2.0,Córdoba,17.11,2015-04-01
846,2015.0,2.0,Corrientes,7.79,2015-04-01
847,2015.0,2.0,Entre Ríos,12.84,2015-04-01
848,2015.0,2.0,Formosa,4.67,2015-04-01
849,2015.0,2.0,Jujuy,5.19,2015-04-01
850,2015.0,2.0,La Pampa,18.69,2015-04-01
851,2015.0,2.0,La Rioja,4.49,2015-04-01
852,2015.0,2.0,Mendoza,9.07,2015-04-01
853,2015.0,2.0,Misiones,7.45,2015-04-01
854,2015.0,2.0,Neuquén,15.81,2015-04-01
855,2015.0,2.0,Río Negro,14.14,2015-04-01
856,2015.0,2.0,Salta,7.38,2015-04-01
857,2015.0,2.0,San Juan,7.04,2015-04-01
858,2015.0,2.0,San Luis,2.78,2015-04-01
859,2015.0,2.0,Santa Cruz,8.06,2015-04-01
860,2015.0,2.0,Santa Fe,16.09,2015-04-01
861,2015.0,2.0,Santiago Del Estero,4.25,2015-04-01
862,2015.0,2.0,Tierra Del Fuego,22.1,2015-04-01
863,2015.0,2.0,Tucumán,8.84,2015-04-01
864,2015.0,1.0,Buenos Aires,17.24,2015-01-01
866,2015.0,1.0,Catamarca,6.4,2015-01-01
867,2015.0,1.0,Chaco,7.14,2015-01-01
868,2015.0,1.0,Chubut,11.59,2015-01-01
869,2015.0,1.0,Córdoba,16.79,2015-01-01
870,2015.0,1.0,Corrientes,7.64,2015-01-01
871,2015.0,1.0,Entre Ríos,12.61,2015-01-01
872,2015.0,1.0,Formosa,4.62,2015-01-01
873,2015.0,1.0,Jujuy,5.05,2015-01-01
874,2015.0,1.0,La Pampa,18.33,2015-01-01
875,2015.0,1.0,La Rioja,4.46,2015-01-01
876,2015.0,1.0,Mendoza,9.06,2015-01-01
877,2015.0,1.0,Misiones,7.19,2015-01-01
878,2015.0,1.0,Neuquén,15.53,2015-01-01
879,2015.0,1.0,Río Negro,13.99,2015-01-01
880,2015.0,1.0,Salta,7.29,2015-01-01
881,2015.0,1.0,San Juan,7.04,2015-01-01
882,2015.0,1.0,San Luis,2.79,2015-01-01
883,2015.0,1.0,Santa Cruz,8.39,2015-01-01
884,2015.0,1.0,Santa Fe,15.83,2015-01-01
885,2015.0,1.0,Santiago Del Estero,4.24,2015-01-01
886,2015.0,1.0,Tierra Del Fuego,22.17,2015-01-01
887,2015.0,1.0,Tucumán,8.72,2015-01-01
888,2014.0,4.0,Buenos Aires,17.01,2014-10-01
890,2014.0,4.0,Catamarca,6.46,2014-10-01
891,2014.0,4.0,Chaco,5.81,2014-10-01
892,2014.0,4.0,Chubut,12.22,2014-10-01
893,2014.0,4.0,Córdoba,16.66,2014-10-01
894,2014.0,4.0,Corrientes,6.17,2014-10-01
895,2014.0,4.0,Entre Ríos,10.72,2014-10-01
896,2014.0,4.0,Formosa,4.55,2014-10-01
897,2014.0,4.0,Jujuy,4.98,2014-10-01
898,2014.0,4.0,La Pampa,16.82,2014-10-01
899,2014.0,4.0,La Rioja,4.5,2014-10-01
900,2014.0,4.0,Mendoza,9.06,2014-10-01
901,2014.0,4.0,Misiones,6.54,2014-10-01
902,2014.0,4.0,Neuquén,15.53,2014-10-01
903,2014.0,4.0,Río Negro,13.89,2014-10-01
904,2014.0,4.0,Salta,7.1,2014-10-01
905,2014.0,4.0,San Juan,7.1,2014-10-01
906,2014.0,4.0,San Luis,2.78,2014-10-01
907,2014.0,4.0,Santa Cruz,8.16,2014-10-01
908,2014.0,4.0,Santa Fe,15.66,2014-10-01
909,2014.0,4.0,Santiago Del Estero,4.26,2014-10-01
910,2014.0,4.0,Tierra Del Fuego,19.34,2014-10-01
911,2014.0,4.0,Tucumán,8.69,2014-10-01
912,2014.0,3.0,Buenos Aires,17.26,2014-07-01
914,2014.0,3.0,Catamarca,6.27,2014-07-01
915,2014.0,3.0,Chaco,5.63,2014-07-01
916,2014.0,3.0,Chubut,12.39,2014-07-01
917,2014.0,3.0,Córdoba,16.56,2014-07-01
918,2014.0,3.0,Corrientes,5.99,2014-07-01
919,2014.0,3.0,Entre Ríos,10.43,2014-07-01
920,2014.0,3.0,Formosa,4.51,2014-07-01
921,2014.0,3.0,Jujuy,4.68,2014-07-01
922,2014.0,3.0,La Pampa,18.34,2014-07-01
923,2014.0,3.0,La Rioja,4.38,2014-07-01
924,2014.0,3.0,Mendoza,8.99,2014-07-01
925,2014.0,3.0,Misiones,6.4,2014-07-01
926,2014.0,3.0,Neuquén,16.73,2014-07-01
927,2014.0,3.0,Río Negro,14.16,2014-07-01
928,2014.0,3.0,Salta,7.05,2014-07-01
929,2014.0,3.0,San Juan,7.08,2014-07-01
930,2014.0,3.0,San Luis,2.77,2014-07-01
931,2014.0,3.0,Santa Cruz,8.34,2014-07-01
932,2014.0,3.0,Santa Fe,15.44,2014-07-01
933,2014.0,3.0,Santiago Del Estero,4.08,2014-07-01
934,2014.0,3.0,Tierra Del Fuego,19.34,2014-07-01
935,2014.0,3.0,Tucumán,8.38,2014-07-01
936,2014.0,2.0,Buenos Aires,16.79,2014-04-01
937,2014.0,2.0,Capital Federal,42.97,2014-04-01
938,2014.0,2.0,Catamarca,6.28,2014-04-01
939,2014.0,2.0,Chaco,5.6,2014-04-01
940,2014.0,2.0,Chubut,12.7,2014-04-01
941,2014.0,2.0,Córdoba,16.37,2014-04-01
942,2014.0,2.0,Corrientes,5.95,2014-04-01
943,2014.0,2.0,Entre Ríos,10.37,2014-04-01
944,2014.0,2.0,Formosa,4.46,2014-04-01
945,2014.0,2.0,Jujuy,4.78,2014-04-01
946,2014.0,2.0,La Pampa,16.38,2014-04-01
947,2014.0,2.0,La Rioja,4.39,2014-04-01
948,2014.0,2.0,Mendoza,8.96,2014-04-01
949,2014.0,2.0,Misiones,6.37,2014-04-01
950,2014.0,2.0,Neuquén,15.14,2014-04-01
951,2014.0,2.0,Río Negro,13.95,2014-04-01
952,2014.0,2.0,Salta,7.0,2014-04-01
953,2014.0,2.0,San Juan,7.08,2014-04-01
954,2014.0,2.0,San Luis,2.78,2014-04-01
955,2014.0,2.0,Santa Cruz,8.74,2014-04-01
956,2014.0,2.0,Santa Fe,15.22,2014-04-01
957,2014.0,2.0,Santiago Del Estero,4.14,2014-04-01
958,2014.0,2.0,Tierra Del Fuego,19.09,2014-04-01
959,2014.0,2.0,Tucumán,8.41,2014-04-01
960,2014.0,1.0,Buenos Aires,16.69,2014-01-01
961,2014.0,1.0,Capital Federal,42.66,2014-01-01
962,2014.0,1.0,Catamarca,6.18,2014-01-01
963,2014.0,1.0,Chaco,5.55,2014-01-01
964,2014.0,1.0,Chubut,12.7,2014-01-01
965,2014.0,1.0,Córdoba,16.13,2014-01-01
966,2014.0,1.0,Corrientes,5.89,2014-01-01
967,2014.0,1.0,Entre Ríos,10.3,2014-01-01
968,2014.0,1.0,Formosa,4.44,2014-01-01
969,2014.0,1.0,Jujuy,4.72,2014-01-01
970,2014.0,1.0,La Pampa,15.99,2014-01-01
971,2014.0,1.0,La Rioja,4.35,2014-01-01
972,2014.0,1.0,Mendoza,8.93,2014-01-01
973,2014.0,1.0,Misiones,6.32,2014-01-01
974,2014.0,1.0,Neuquén,14.88,2014-01-01
975,2014.0,1.0,Río Negro,13.87,2014-01-01
976,2014.0,1.0,Salta,6.98,2014-01-01
977,2014.0,1.0,San Juan,7.05,2014-01-01
978,2014.0,1.0,San Luis,2.68,2014-01-01
979,2014.0,1.0,Santa Cruz,8.68,2014-01-01
980,2014.0,1.0,Santa Fe,15.08,2014-01-01
981,2014.0,1.0,Santiago Del Estero,4.06,2014-01-01
982,2014.0,1.0,Tierra Del Fuego,19.1,2014-01-01
983,2014.0,1.0,Tucumán,8.31,2014-01-01
