,Año,Trimestre,Provincia,Mbps_(Media_De_Bajada),Fecha
0,2024,1,Buenos Aires,159.13,
1,2024,1,Capital Federal,229.94,
2,2024,1,Catamarca,91.45,2024-01-01
3,2024,1,Chaco,107.51,2024-01-01
4,2024,1,Chubut,20.5,2024-01-01
5,2024,1,Córdoba,114.89,2024-01-01
6,2024,1,Corrientes,102.49,2024-01-01
7,2024,1,Entre Ríos,101.36,2024-01-01
8,2024,1,Formosa,83.8,2024-01-01
9,2024,1,Jujuy,47.52,2024-01-01
10,2024,1,La Pampa,26.55,2024-01-01
11,2024,1,La Rioja,63.71,2024-01-01
12,2024,1,Mendoza,51.85,2024-01-01
13,2024,1,Misiones,94.98,2024-01-01
14,2024,1,Neuquén,98.16,2024-01-01
15,2024,1,Río Negro,75.0,2024-01-01
16,2024,1,Salta,84.34,2024-01-01
17,2024,1,San Juan,30.58,2024-01-01
18,2024,1,San Luis,179.49,
19,2024,1,Santa Cruz,31.6,2024-01-01
20,2024,1,Santa Fe,100.2,2024-01-01
21,2024,1,Santiago Del Estero,44.9,2024-01-01
22,2024,1,Tierra Del Fuego,21.54,2024-01-01
23,2024,1,Tucumán,103.36,2024-01-01
24,2023,4,Buenos Aires,158.49,
25,2023,4,Capital Federal,234.44,
26,2023,4,Catamarca,89.4,2023-10-01
27,2023,4,Chaco,107.14,2023-10-01
28,2023,4,Chubut,20.29,2023-10-01
29,2023,4,Córdoba,114.03,2023-10-01
30,2023,4,Corrientes,100.9,2023-10-01
31,2023,4,Entre Ríos,101.18,2023-10-01
32,2023,4,Formosa,83.35,2023-10-01
33,2023,4,Jujuy,46.2,2023-10-01
34,2023,4,La Pampa,25.61,2023-10-01
35,2023,4,La Rioja,64.18,2023-10-01
36,2023,4,Mendoza,49.46,2023-10-01
37,2023,4,Misiones,93.65,2023-10-01
38,2023,4,Neuquén,99.63,2023-10-01
39,2023,4,Río Negro,74.37,2023-10-01
40,2023,4,Salta,83.04,2023-10-01
41,2023,4,San Juan,24.78,2023-10-01
42,2023,4,San Luis,174.59,
43,2023,4,Santa Cruz,36.77,2023-10-01
44,2023,4,Santa Fe,99.81,2023-10-01
45,2023,4,Santiago Del Estero,44.22,2023-10-01
46,2023,4,Tierra Del Fuego,17.92,2023-10-01
47,2023,4,Tucumán,101.55,2023-10-01
48,2023,3,Buenos Aires,146.84,
49,2023,3,Capital Federal,218.13,
50,2023,3,Catamarca,87.9,2023-07-01
51,2023,3,Chaco,107.5,2023-07-01
52,2023,3,Chubut,19.26,2023-07-01
53,2023,3,Córdoba,111.5,2023-07-01
54,2023,3,Corrientes,99.64,2023-07-01
55,2023,3,Entre Ríos,96.26,2023-07-01
56,2023,3,Formosa,80.29,2023-07-01
57,2023,3,Jujuy,44.55,2023-07-01
58,2023,3,La Pampa,24.21,2023-07-01
59,2023,3,La Rioja,63.84,2023-07-01
60,2023,3,Mendoza,46.96,2023-07-01
61,2023,3,Misiones,91.49,2023-07-01
62,2023,3,Neuquén,96.57,2023-07-01
63,2023,3,Río Negro,70.93,2023-07-01
64,2023,3,Salta,80.8,2023-07-01
65,2023,3,San Juan,24.45,2023-07-01
66,2023,3,San Luis,104.97,2023-07-01
67,2023,3,Santa Cruz,15.67,2023-07-01
68,2023,3,Santa Fe,97.39,2023-07-01
69,2023,3,Santiago Del Estero,41.46,2023-07-01
70,2023,3,Tierra Del Fuego,17.17,2023-07-01
71,2023,3,Tucumán,98.85,2023-07-01
72,2023,2,Buenos Aires,138.35,
73,2023,2,Capital Federal,208.01,
74,2023,2,Catamarca,86.13,2023-04-01
75,2023,2,Chaco,105.45,2023-04-01
76,2023,2,Chubut,18.58,2023-04-01
77,2023,2,Córdoba,111.82,2023-04-01
78,2023,2,Corrientes,97.21,2023-04-01
79,2023,2,Entre Ríos,89.37,2023-04-01
80,2023,2,Formosa,77.32,2023-04-01
81,2023,2,Jujuy,43.56,2023-04-01
82,2023,2,La Pampa,22.78,2023-04-01
83,2023,2,La Rioja,63.55,2023-04-01
84,2023,2,Mendoza,42.69,2023-04-01
85,2023,2,Misiones,90.55,2023-04-01
86,2023,2,Neuquén,93.97,2023-04-01
87,2023,2,Río Negro,70.76,2023-04-01
88,2023,2,Salta,79.1,2023-04-01
89,2023,2,San Juan,20.39,2023-04-01
90,2023,2,San Luis,103.84,2023-04-01
91,2023,2,Santa Cruz,15.48,2023-04-01
92,2023,2,Santa Fe,94.87,2023-04-01
93,2023,2,Santiago Del Estero,37.62,2023-04-01
94,2023,2,Tierra Del Fuego,16.92,2023-04-01
95,2023,2,Tucumán,96.69,2023-04-01
96,2023,1,Buenos Aires,116.18,2023-01-01
97,2023,1,Capital Federal,188.65,
98,2023,1,Catamarca,87.41,2023-01-01
99,2023,1,Chaco,104.33,2023-01-01
100,2023,1,Chubut,18.36,2023-01-01
101,2023,1,Córdoba,109.57,2023-01-01
102,2023,1,Corrientes,94.8,2023-01-01
103,2023,1,Entre Ríos,86.71,2023-01-01
104,2023,1,Formosa,73.96,2023-01-01
105,2023,1,Jujuy,42.75,2023-01-01
106,2023,1,La Pampa,20.09,2023-01-01
107,2023,1,La Rioja,63.13,2023-01-01
108,2023,1,Mendoza,41.45,2023-01-01
109,2023,1,Misiones,89.81,2023-01-01
110,2023,1,Neuquén,93.42,2023-01-01
111,2023,1,Río Negro,74.4,2023-01-01
112,2023,1,Salta,76.85,2023-01-01
113,2023,1,San Juan,18.7,2023-01-01
114,2023,1,San Luis,55.85,2023-01-01
115,2023,1,Santa Cruz,14.98,2023-01-01
116,2023,1,Santa Fe,92.22,2023-01-01
117,2023,1,Santiago Del Estero,36.27,2023-01-01
118,2023,1,Tierra Del Fuego,14.58,2023-01-01
119,2023,1,Tucumán,95.79,2023-01-01
120,2022,4,Buenos Aires,111.0,2022-10-01
121,2022,4,Capital Federal,182.86,
122,2022,4,Catamarca,83.33,2022-10-01
123,2022,4,Chaco,104.02,2022-10-01
124,2022,4,Chubut,15.92,2022-10-01
125,2022,4,Córdoba,108.77,2022-10-01
126,2022,4,Corrientes,94.72,2022-10-01
127,2022,4,Entre Ríos,87.47,2022-10-01
128,2022,4,Formosa,72.03,2022-10-01
129,2022,4,Jujuy,39.32,2022-10-01
130,2022,4,La Pampa,19.1,2022-10-01
131,2022,4,La Rioja,61.0,2022-10-01
132,2022,4,Mendoza,38.76,2022-10-01
133,2022,4,Misiones,91.24,2022-10-01
134,2022,4,Neuquén,95.37,2022-10-01
135,2022,4,Río Negro,75.31,2022-10-01
136,2022,4,Salta,75.93,2022-10-01
137,2022,4,San Juan,16.39,2022-10-01
138,2022,4,San Luis,30.67,2022-10-01
139,2022,4,Santa Cruz,14.33,2022-10-01
140,2022,4,Santa Fe,90.3,2022-10-01
141,2022,4,Santiago Del Estero,34.4,2022-10-01
142,2022,4,Tierra Del Fuego,13.48,2022-10-01
143,2022,4,Tucumán,88.33,2022-10-01
144,2022,3,Buenos Aires,70.19,2022-07-01
145,2022,3,Capital Federal,101.05,2022-07-01
146,2022,3,Catamarca,60.99,2022-07-01
147,2022,3,Chaco,53.21,2022-07-01
148,2022,3,Chubut,15.57,2022-07-01
149,2022,3,Córdoba,56.32,2022-07-01
150,2022,3,Corrientes,45.07,2022-07-01
151,2022,3,Entre Ríos,42.49,2022-07-01
152,2022,3,Formosa,30.35,2022-07-01
153,2022,3,Jujuy,32.43,2022-07-01
154,2022,3,La Pampa,18.1,2022-07-01
155,2022,3,La Rioja,44.3,2022-07-01
156,2022,3,Mendoza,34.16,2022-07-01
157,2022,3,Misiones,49.3,2022-07-01
158,2022,3,Neuquén,47.81,2022-07-01
159,2022,3,Río Negro,34.13,2022-07-01
160,2022,3,Salta,41.33,2022-07-01
161,2022,3,San Juan,15.84,2022-07-01
162,2022,3,San Luis,19.33,2022-07-01
163,2022,3,Santa Cruz,12.6,2022-07-01
164,2022,3,Santa Fe,45.15,2022-07-01
165,2022,3,Santiago Del Estero,17.69,2022-07-01
166,2022,3,Tierra Del Fuego,11.01,2022-07-01
167,2022,3,Tucumán,53.36,2022-07-01
168,2022,2,Buenos Aires,65.5,2022-04-01
169,2022,2,Capital Federal,93.97,2022-04-01
170,2022,2,Catamarca,56.56,2022-04-01
171,2022,2,Chaco,50.61,2022-04-01
172,2022,2,Chubut,14.91,2022-04-01
173,2022,2,Córdoba,53.51,2022-04-01
174,2022,2,Corrientes,43.31,2022-04-01
175,2022,2,Entre Ríos,40.03,2022-04-01
176,2022,2,Formosa,28.47,2022-04-01
177,2022,2,Jujuy,29.39,2022-04-01
178,2022,2,La Pampa,16.07,2022-04-01
179,2022,2,La Rioja,43.28,2022-04-01
180,2022,2,Mendoza,29.72,2022-04-01
181,2022,2,Misiones,46.23,2022-04-01
182,2022,2,Neuquén,46.53,2022-04-01
183,2022,2,Río Negro,33.26,2022-04-01
184,2022,2,Salta,38.77,2022-04-01
185,2022,2,San Juan,14.44,2022-04-01
186,2022,2,San Luis,19.32,2022-04-01
187,2022,2,Santa Cruz,11.81,2022-04-01
188,2022,2,Santa Fe,42.01,2022-04-01
189,2022,2,Santiago Del Estero,16.34,2022-04-01
190,2022,2,Tierra Del Fuego,10.97,2022-04-01
191,2022,2,Tucumán,50.09,2022-04-01
192,2022,1,Buenos Aires,62.51,2022-01-01
193,2022,1,Capital Federal,88.22,2022-01-01
194,2022,1,Catamarca,51.22,2022-01-01
195,2022,1,Chaco,45.84,2022-01-01
196,2022,1,Chubut,13.4,2022-01-01
197,2022,1,Córdoba,49.89,2022-01-01
198,2022,1,Corrientes,38.11,2022-01-01
199,2022,1,Entre Ríos,35.59,2022-01-01
200,2022,1,Formosa,30.28,2022-01-01
201,2022,1,Jujuy,27.69,2022-01-01
202,2022,1,La Pampa,14.84,2022-01-01
203,2022,1,La Rioja,41.37,2022-01-01
204,2022,1,Mendoza,26.2,2022-01-01
205,2022,1,Misiones,41.87,2022-01-01
206,2022,1,Neuquén,43.05,2022-01-01
207,2022,1,Río Negro,31.09,2022-01-01
208,2022,1,Salta,36.71,2022-01-01
209,2022,1,San Juan,11.99,2022-01-01
210,2022,1,San Luis,20.95,2022-01-01
211,2022,1,Santa Cruz,10.89,2022-01-01
212,2022,1,Santa Fe,38.89,2022-01-01
213,2022,1,Santiago Del Estero,14.5,2022-01-01
214,2022,1,Tierra Del Fuego,10.73,2022-01-01
215,2022,1,Tucumán,47.24,2022-01-01
216,2021,4,Buenos Aires,60.21,2021-10-01
217,2021,4,Capital Federal,82.95,2021-10-01
218,2021,4,Catamarca,46.38,2021-10-01
219,2021,4,Chaco,42.34,2021-10-01
220,2021,4,Chubut,9.08,2021-10-01
221,2021,4,Córdoba,46.36,2021-10-01
222,2021,4,Corrientes,35.77,2021-10-01
223,2021,4,Entre Ríos,33.32,2021-10-01
224,2021,4,Formosa,28.76,2021-10-01
225,2021,4,Jujuy,27.14,2021-10-01
226,2021,4,La Pampa,13.85,2021-10-01
227,2021,4,La Rioja,39.7,2021-10-01
228,2021,4,Mendoza,22.23,2021-10-01
229,2021,4,Misiones,38.9,2021-10-01
230,2021,4,Neuquén,40.09,2021-10-01
231,2021,4,Río Negro,27.2,2021-10-01
232,2021,4,Salta,33.94,2021-10-01
233,2021,4,San Juan,11.05,2021-10-01
234,2021,4,San Luis,20.91,2021-10-01
235,2021,4,Santa Cruz,8.99,2021-10-01
236,2021,4,Santa Fe,36.02,2021-10-01
237,2021,4,Santiago Del Estero,13.84,2021-10-01
238,2021,4,Tierra Del Fuego,10.7,2021-10-01
239,2021,4,Tucumán,45.15,2021-10-01
240,2021,3,Buenos Aires,56.26,2021-07-01
241,2021,3,Capital Federal,77.71,2021-07-01
242,2021,3,Catamarca,43.43,2021-07-01
243,2021,3,Chaco,39.11,2021-07-01
244,2021,3,Chubut,8.18,2021-07-01
245,2021,3,Córdoba,41.93,2021-07-01
246,2021,3,Corrientes,32.17,2021-07-01
247,2021,3,Entre Ríos,29.6,2021-07-01
248,2021,3,Formosa,26.69,2021-07-01
249,2021,3,Jujuy,25.98,2021-07-01
250,2021,3,La Pampa,12.99,2021-07-01
251,2021,3,La Rioja,38.87,2021-07-01
252,2021,3,Mendoza,13.37,2021-07-01
253,2021,3,Misiones,30.88,2021-07-01
254,2021,3,Neuquén,38.34,2021-07-01
255,2021,3,Río Negro,25.4,2021-07-01
256,2021,3,Salta,31.21,2021-07-01
257,2021,3,San Juan,7.04,2021-07-01
258,2021,3,San Luis,21.7,2021-07-01
259,2021,3,Santa Cruz,7.69,2021-07-01
260,2021,3,Santa Fe,33.13,2021-07-01
261,2021,3,Santiago Del Estero,13.35,2021-07-01
262,2021,3,Tierra Del Fuego,9.52,2021-07-01
263,2021,3,Tucumán,42.1,2021-07-01
264,2021,2,Buenos Aires,52.76,2021-04-01
265,2021,2,Capital Federal,72.75,2021-04-01
266,2021,2,Catamarca,42.19,2021-04-01
267,2021,2,Chaco,37.4,2021-04-01
268,2021,2,Chubut,7.68,2021-04-01
269,2021,2,Córdoba,39.59,2021-04-01
270,2021,2,Corrientes,30.37,2021-04-01
271,2021,2,Entre Ríos,27.62,2021-04-01
272,2021,2,Formosa,23.97,2021-04-01
273,2021,2,Jujuy,25.81,2021-04-01
274,2021,2,La Pampa,12.28,2021-04-01
275,2021,2,La Rioja,38.53,2021-04-01
276,2021,2,Mendoza,13.47,2021-04-01
277,2021,2,Misiones,28.68,2021-04-01
278,2021,2,Neuquén,36.11,2021-04-01
279,2021,2,Río Negro,23.75,2021-04-01
280,2021,2,Salta,29.24,2021-04-01
281,2021,2,San Juan,6.99,2021-04-01
282,2021,2,San Luis,21.66,2021-04-01
283,2021,2,Santa Cruz,7.63,2021-04-01
284,2021,2,Santa Fe,30.7,2021-04-01
285,2021,2,Santiago Del Estero,12.72,2021-04-01
286,2021,2,Tierra Del Fuego,8.59,2021-04-01
287,2021,2,Tucumán,40.31,2021-04-01
288,2021,1,Buenos Aires,50.79,2021-01-01
289,2021,1,Capital Federal,68.29,2021-01-01
290,2021,1,Catamarca,39.97,2021-01-01
291,2021,1,Chaco,33.63,2021-01-01
292,2021,1,Chubut,7.53,2021-01-01
293,2021,1,Córdoba,36.17,2021-01-01
294,2021,1,Corrientes,25.99,2021-01-01
295,2021,1,Entre Ríos,23.87,2021-01-01
296,2021,1,Formosa,20.98,2021-01-01
297,2021,1,Jujuy,26.78,2021-01-01
298,2021,1,La Pampa,10.73,2021-01-01
299,2021,1,La Rioja,12.7,2021-01-01
300,2021,1,Mendoza,12.6,2021-01-01
301,2021,1,Misiones,25.08,2021-01-01
302,2021,1,Neuquén,34.24,2021-01-01
303,2021,1,Río Negro,21.92,2021-01-01
304,2021,1,Salta,27.32,2021-01-01
305,2021,1,San Juan,6.91,2021-01-01
306,2021,1,San Luis,21.59,2021-01-01
307,2021,1,Santa Cruz,7.5,2021-01-01
308,2021,1,Santa Fe,28.13,2021-01-01
309,2021,1,Santiago Del Estero,11.58,2021-01-01
310,2021,1,Tierra Del Fuego,8.73,2021-01-01
311,2021,1,Tucumán,37.98,2021-01-01
312,2020,4,Buenos Aires,50.01,2020-10-01
313,2020,4,Capital Federal,67.33,2020-10-01
314,2020,4,Catamarca,37.65,2020-10-01
315,2020,4,Chaco,32.45,2020-10-01
316,2020,4,Chubut,7.38,2020-10-01
317,2020,4,Córdoba,35.12,2020-10-01
318,2020,4,Corrientes,25.45,2020-10-01
319,2020,4,Entre Ríos,24.05,2020-10-01
320,2020,4,Formosa,19.7,2020-10-01
321,2020,4,Jujuy,25.21,2020-10-01
322,2020,4,La Pampa,9.88,2020-10-01
323,2020,4,La Rioja,12.53,2020-10-01
324,2020,4,Mendoza,11.09,2020-10-01
325,2020,4,Misiones,24.96,2020-10-01
326,2020,4,Neuquén,33.91,2020-10-01
327,2020,4,Río Negro,21.64,2020-10-01
328,2020,4,Salta,25.32,2020-10-01
329,2020,4,San Juan,6.41,2020-10-01
330,2020,4,San Luis,21.25,2020-10-01
331,2020,4,Santa Cruz,7.49,2020-10-01
332,2020,4,Santa Fe,27.29,2020-10-01
333,2020,4,Santiago Del Estero,11.28,2020-10-01
334,2020,4,Tierra Del Fuego,8.49,2020-10-01
335,2020,4,Tucumán,36.44,2020-10-01
336,2020,3,Buenos Aires,48.38,2020-07-01
337,2020,3,Capital Federal,63.81,2020-07-01
338,2020,3,Catamarca,36.54,2020-07-01
339,2020,3,Chaco,30.8,2020-07-01
340,2020,3,Chubut,7.4,2020-07-01
341,2020,3,Córdoba,33.51,2020-07-01
342,2020,3,Corrientes,23.85,2020-07-01
343,2020,3,Entre Ríos,22.43,2020-07-01
344,2020,3,Formosa,18.28,2020-07-01
345,2020,3,Jujuy,21.91,2020-07-01
346,2020,3,La Pampa,10.7,2020-07-01
347,2020,3,La Rioja,12.19,2020-07-01
348,2020,3,Mendoza,10.19,2020-07-01
349,2020,3,Misiones,24.14,2020-07-01
350,2020,3,Neuquén,31.46,2020-07-01
351,2020,3,Río Negro,21.08,2020-07-01
352,2020,3,Salta,25.26,2020-07-01
353,2020,3,San Juan,6.03,2020-07-01
354,2020,3,San Luis,20.85,2020-07-01
355,2020,3,Santa Cruz,6.65,2020-07-01
356,2020,3,Santa Fe,25.69,2020-07-01
357,2020,3,Santiago Del Estero,10.88,2020-07-01
358,2020,3,Tierra Del Fuego,8.51,2020-07-01
359,2020,3,Tucumán,34.84,2020-07-01
360,2020,2,Buenos Aires,45.66,2020-04-01
361,2020,2,Capital Federal,60.48,2020-04-01
362,2020,2,Catamarca,34.93,2020-04-01
363,2020,2,Chaco,27.95,2020-04-01
364,2020,2,Chubut,7.61,2020-04-01
365,2020,2,Córdoba,30.99,2020-04-01
366,2020,2,Corrientes,22.15,2020-04-01
367,2020,2,Entre Ríos,20.45,2020-04-01
368,2020,2,Formosa,16.87,2020-04-01
369,2020,2,Jujuy,15.86,2020-04-01
370,2020,2,La Pampa,8.03,2020-04-01
371,2020,2,La Rioja,11.67,2020-04-01
372,2020,2,Mendoza,9.27,2020-04-01
373,2020,2,Misiones,22.56,2020-04-01
374,2020,2,Neuquén,29.1,2020-04-01
375,2020,2,Río Negro,19.68,2020-04-01
376,2020,2,Salta,22.56,2020-04-01
377,2020,2,San Juan,6.31,2020-04-01
378,2020,2,San Luis,21.02,2020-04-01
379,2020,2,Santa Cruz,6.59,2020-04-01
380,2020,2,Santa Fe,23.93,2020-04-01
381,2020,2,Santiago Del Estero,10.41,2020-04-01
382,2020,2,Tierra Del Fuego,8.13,2020-04-01
383,2020,2,Tucumán,32.7,2020-04-01
384,2020,1,Buenos Aires,45.18,2020-01-01
385,2020,1,Capital Federal,58.71,2020-01-01
386,2020,1,Catamarca,29.13,2020-01-01
387,2020,1,Chaco,25.94,2020-01-01
388,2020,1,Chubut,7.12,2020-01-01
389,2020,1,Córdoba,29.39,2020-01-01
390,2020,1,Corrientes,20.54,2020-01-01
391,2020,1,Entre Ríos,19.03,2020-01-01
392,2020,1,Formosa,15.7,2020-01-01
393,2020,1,Jujuy,14.14,2020-01-01
394,2020,1,La Pampa,7.29,2020-01-01
395,2020,1,La Rioja,7.96,2020-01-01
396,2020,1,Mendoza,8.44,2020-01-01
397,2020,1,Misiones,22.15,2020-01-01
398,2020,1,Neuquén,27.77,2020-01-01
399,2020,1,Río Negro,19.06,2020-01-01
400,2020,1,Salta,21.43,2020-01-01
401,2020,1,San Juan,6.04,2020-01-01
402,2020,1,San Luis,20.99,2020-01-01
403,2020,1,Santa Cruz,6.42,2020-01-01
404,2020,1,Santa Fe,22.42,2020-01-01
405,2020,1,Santiago Del Estero,10.0,2020-01-01
406,2020,1,Tierra Del Fuego,7.41,2020-01-01
407,2020,1,Tucumán,32.25,2020-01-01
408,2019,4,Buenos Aires,30.77,2019-10-01
409,2019,4,Capital Federal,44.2,2019-10-01
410,2019,4,Catamarca,24.88,2019-10-01
411,2019,4,Chaco,23.37,2019-10-01
412,2019,4,Chubut,6.99,2019-10-01
413,2019,4,Córdoba,26.16,2019-10-01
414,2019,4,Corrientes,19.26,2019-10-01
415,2019,4,Entre Ríos,17.01,2019-10-01
416,2019,4,Formosa,14.53,2019-10-01
417,2019,4,Jujuy,12.96,2019-10-01
418,2019,4,La Pampa,6.53,2019-10-01
419,2019,4,La Rioja,8.0,2019-10-01
420,2019,4,Mendoza,7.79,2019-10-01
421,2019,4,Misiones,20.32,2019-10-01
422,2019,4,Neuquén,26.02,2019-10-01
423,2019,4,Río Negro,17.18,2019-10-01
424,2019,4,Salta,19.08,2019-10-01
425,2019,4,San Juan,6.04,2019-10-01
426,2019,4,San Luis,20.69,2019-10-01
427,2019,4,Santa Cruz,5.21,2019-10-01
428,2019,4,Santa Fe,20.55,2019-10-01
429,2019,4,Santiago Del Estero,9.79,2019-10-01
430,2019,4,Tierra Del Fuego,7.27,2019-10-01
431,2019,4,Tucumán,29.87,2019-10-01
432,2019,3,Buenos Aires,25.68,2019-07-01
433,2019,3,Capital Federal,38.71,2019-07-01
434,2019,3,Catamarca,9.29,2019-07-01
435,2019,3,Chaco,19.99,2019-07-01
436,2019,3,Chubut,6.97,2019-07-01
437,2019,3,Córdoba,23.19,2019-07-01
438,2019,3,Corrientes,16.7,2019-07-01
439,2019,3,Entre Ríos,14.7,2019-07-01
440,2019,3,Formosa,13.22,2019-07-01
441,2019,3,Jujuy,11.97,2019-07-01
442,2019,3,La Pampa,5.72,2019-07-01
443,2019,3,La Rioja,8.0,2019-07-01
444,2019,3,Mendoza,6.11,2019-07-01
445,2019,3,Misiones,17.93,2019-07-01
446,2019,3,Neuquén,23.75,2019-07-01
447,2019,3,Río Negro,15.98,2019-07-01
448,2019,3,Salta,14.75,2019-07-01
449,2019,3,San Juan,6.04,2019-07-01
450,2019,3,San Luis,19.74,2019-07-01
451,2019,3,Santa Cruz,5.02,2019-07-01
452,2019,3,Santa Fe,18.17,2019-07-01
453,2019,3,Santiago Del Estero,9.39,2019-07-01
454,2019,3,Tierra Del Fuego,6.69,2019-07-01
455,2019,3,Tucumán,19.32,2019-07-01
456,2019,2,Buenos Aires,22.48,2019-04-01
457,2019,2,Capital Federal,30.35,2019-04-01
458,2019,2,Catamarca,8.81,2019-04-01
459,2019,2,Chaco,16.01,2019-04-01
460,2019,2,Chubut,6.05,2019-04-01
461,2019,2,Córdoba,18.43,2019-04-01
462,2019,2,Corrientes,13.83,2019-04-01
463,2019,2,Entre Ríos,12.19,2019-04-01
464,2019,2,Formosa,10.84,2019-04-01
465,2019,2,Jujuy,12.07,2019-04-01
466,2019,2,La Pampa,5.49,2019-04-01
467,2019,2,La Rioja,7.89,2019-04-01
468,2019,2,Mendoza,6.03,2019-04-01
469,2019,2,Misiones,14.5,2019-04-01
470,2019,2,Neuquén,17.24,2019-04-01
471,2019,2,Río Negro,11.63,2019-04-01
472,2019,2,Salta,12.55,2019-04-01
473,2019,2,San Juan,6.12,2019-04-01
474,2019,2,San Luis,19.88,2019-04-01
475,2019,2,Santa Cruz,6.01,2019-04-01
476,2019,2,Santa Fe,15.07,2019-04-01
477,2019,2,Santiago Del Estero,7.1,2019-04-01
478,2019,2,Tierra Del Fuego,6.34,2019-04-01
479,2019,2,Tucumán,18.53,2019-04-01
480,2019,1,Buenos Aires,19.64,2019-01-01
481,2019,1,Capital Federal,24.72,2019-01-01
482,2019,1,Catamarca,7.96,2019-01-01
483,2019,1,Chaco,13.44,2019-01-01
484,2019,1,Chubut,5.89,2019-01-01
485,2019,1,Córdoba,15.73,2019-01-01
486,2019,1,Corrientes,12.05,2019-01-01
487,2019,1,Entre Ríos,10.66,2019-01-01
488,2019,1,Formosa,9.83,2019-01-01
489,2019,1,Jujuy,8.56,2019-01-01
490,2019,1,La Pampa,5.06,2019-01-01
491,2019,1,La Rioja,7.09,2019-01-01
492,2019,1,Mendoza,5.74,2019-01-01
493,2019,1,Misiones,12.51,2019-01-01
494,2019,1,Neuquén,15.88,2019-01-01
495,2019,1,Río Negro,10.49,2019-01-01
496,2019,1,Salta,10.38,2019-01-01
497,2019,1,San Juan,5.84,2019-01-01
498,2019,1,San Luis,8.71,2019-01-01
499,2019,1,Santa Cruz,5.78,2019-01-01
500,2019,1,Santa Fe,12.99,2019-01-01
501,2019,1,Santiago Del Estero,6.42,2019-01-01
502,2019,1,Tierra Del Fuego,6.34,2019-01-01
503,2019,1,Tucumán,16.57,2019-01-01
504,2018,4,Buenos Aires,16.93,2018-10-01
505,2018,4,Capital Federal,22.94,2018-10-01
506,2018,4,Catamarca,8.04,2018-10-01
507,2018,4,Chaco,13.49,2018-10-01
508,2018,4,Chubut,6.09,2018-10-01
509,2018,4,Córdoba,15.81,2018-10-01
510,2018,4,Corrientes,12.14,2018-10-01
511,2018,4,Entre Ríos,11.02,2018-10-01
512,2018,4,Formosa,9.82,2018-10-01
513,2018,4,Jujuy,8.56,2018-10-01
514,2018,4,La Pampa,4.32,2018-10-01
515,2018,4,La Rioja,7.09,2018-10-01
516,2018,4,Mendoza,5.75,2018-10-01
517,2018,4,Misiones,12.5,2018-10-01
518,2018,4,Neuquén,15.89,2018-10-01
519,2018,4,Río Negro,10.49,2018-10-01
520,2018,4,Salta,10.46,2018-10-01
521,2018,4,San Juan,5.72,2018-10-01
522,2018,4,San Luis,8.82,2018-10-01
523,2018,4,Santa Cruz,5.12,2018-10-01
524,2018,4,Santa Fe,13.18,2018-10-01
525,2018,4,Santiago Del Estero,6.31,2018-10-01
526,2018,4,Tierra Del Fuego,7.44,2018-10-01
527,2018,4,Tucumán,16.58,2018-10-01
528,2018,3,Buenos Aires,16.78,2018-07-01
529,2018,3,Capital Federal,21.64,2018-07-01
530,2018,3,Catamarca,7.81,2018-07-01
531,2018,3,Chaco,12.89,2018-07-01
532,2018,3,Chubut,6.08,2018-07-01
533,2018,3,Córdoba,14.82,2018-07-01
534,2018,3,Corrientes,11.49,2018-07-01
535,2018,3,Entre Ríos,10.52,2018-07-01
536,2018,3,Formosa,9.32,2018-07-01
537,2018,3,Jujuy,7.67,2018-07-01
538,2018,3,La Pampa,4.28,2018-07-01
539,2018,3,La Rioja,6.16,2018-07-01
540,2018,3,Mendoza,5.79,2018-07-01
541,2018,3,Misiones,12.49,2018-07-01
542,2018,3,Neuquén,14.67,2018-07-01
543,2018,3,Río Negro,10.06,2018-07-01
544,2018,3,Salta,9.27,2018-07-01
545,2018,3,San Juan,5.74,2018-07-01
546,2018,3,San Luis,8.81,2018-07-01
547,2018,3,Santa Cruz,5.37,2018-07-01
548,2018,3,Santa Fe,12.36,2018-07-01
549,2018,3,Santiago Del Estero,5.78,2018-07-01
550,2018,3,Tierra Del Fuego,5.99,2018-07-01
551,2018,3,Tucumán,15.26,2018-07-01
552,2018,2,Buenos Aires,14.68,2018-04-01
553,2018,2,Capital Federal,18.94,2018-04-01
554,2018,2,Catamarca,7.69,2018-04-01
555,2018,2,Chaco,12.5,2018-04-01
556,2018,2,Chubut,5.33,2018-04-01
557,2018,2,Córdoba,13.88,2018-04-01
558,2018,2,Corrientes,10.88,2018-04-01
559,2018,2,Entre Ríos,10.19,2018-04-01
560,2018,2,Formosa,8.97,2018-04-01
561,2018,2,Jujuy,6.29,2018-04-01
562,2018,2,La Pampa,4.1,2018-04-01
563,2018,2,La Rioja,5.59,2018-04-01
564,2018,2,Mendoza,5.88,2018-04-01
565,2018,2,Misiones,11.76,2018-04-01
566,2018,2,Neuquén,13.37,2018-04-01
567,2018,2,Río Negro,9.51,2018-04-01
568,2018,2,Salta,8.93,2018-04-01
569,2018,2,San Juan,5.85,2018-04-01
570,2018,2,San Luis,5.9,2018-04-01
571,2018,2,Santa Cruz,5.19,2018-04-01
572,2018,2,Santa Fe,11.75,2018-04-01
573,2018,2,Santiago Del Estero,5.91,2018-04-01
574,2018,2,Tierra Del Fuego,5.94,2018-04-01
575,2018,2,Tucumán,13.51,2018-04-01
576,2018,1,Buenos Aires,14.2,2018-01-01
577,2018,1,Capital Federal,17.75,2018-01-01
578,2018,1,Catamarca,8.2,2018-01-01
579,2018,1,Chaco,12.44,2018-01-01
580,2018,1,Chubut,5.42,2018-01-01
581,2018,1,Córdoba,12.79,2018-01-01
582,2018,1,Corrientes,11.12,2018-01-01
583,2018,1,Entre Ríos,9.88,2018-01-01
584,2018,1,Formosa,11.06,2018-01-01
585,2018,1,Jujuy,6.74,2018-01-01
586,2018,1,La Pampa,4.0,2018-01-01
587,2018,1,La Rioja,5.89,2018-01-01
588,2018,1,Mendoza,5.88,2018-01-01
589,2018,1,Misiones,12.08,2018-01-01
590,2018,1,Neuquén,11.96,2018-01-01
591,2018,1,Río Negro,8.98,2018-01-01
592,2018,1,Salta,9.19,2018-01-01
593,2018,1,San Juan,5.85,2018-01-01
594,2018,1,San Luis,5.89,2018-01-01
595,2018,1,Santa Cruz,5.19,2018-01-01
596,2018,1,Santa Fe,11.17,2018-01-01
597,2018,1,Santiago Del Estero,6.25,2018-01-01
598,2018,1,Tierra Del Fuego,5.77,2018-01-01
599,2018,1,Tucumán,9.36,2018-01-01
600,2017,4,Buenos Aires,12.97,2017-10-01
601,2017,4,Capital Federal,15.2,2017-10-01
602,2017,4,Catamarca,7.78,2017-10-01
603,2017,4,Chaco,11.7,2017-10-01
604,2017,4,Chubut,5.41,2017-10-01
605,2017,4,Córdoba,11.64,2017-10-01
606,2017,4,Corrientes,10.38,2017-10-01
607,2017,4,Entre Ríos,9.3,2017-10-01
608,2017,4,Formosa,10.11,2017-10-01
609,2017,4,Jujuy,6.64,2017-10-01
610,2017,4,La Pampa,3.98,2017-10-01
611,2017,4,La Rioja,5.88,2017-10-01
612,2017,4,Mendoza,5.71,2017-10-01
613,2017,4,Misiones,11.32,2017-10-01
614,2017,4,Neuquén,10.72,2017-10-01
615,2017,4,Río Negro,8.05,2017-10-01
616,2017,4,Salta,8.45,2017-10-01
617,2017,4,San Juan,5.83,2017-10-01
618,2017,4,San Luis,5.73,2017-10-01
619,2017,4,Santa Cruz,5.21,2017-10-01
620,2017,4,Santa Fe,10.3,2017-10-01
621,2017,4,Santiago Del Estero,6.17,2017-10-01
622,2017,4,Tierra Del Fuego,5.2,2017-10-01
623,2017,4,Tucumán,9.11,2017-10-01
624,2017,3,Buenos Aires,8.43,2017-07-01
625,2017,3,Capital Federal,10.64,2017-07-01
626,2017,3,Catamarca,5.26,2017-07-01
627,2017,3,Chaco,8.48,2017-07-01
628,2017,3,Chubut,3.48,2017-07-01
629,2017,3,Córdoba,9.12,2017-07-01
630,2017,3,Corrientes,7.45,2017-07-01
631,2017,3,Entre Ríos,6.99,2017-07-01
632,2017,3,Formosa,7.07,2017-07-01
633,2017,3,Jujuy,4.69,2017-07-01
634,2017,3,La Pampa,3.44,2017-07-01
635,2017,3,La Rioja,5.01,2017-07-01
636,2017,3,Mendoza,3.51,2017-07-01
637,2017,3,Misiones,8.43,2017-07-01
638,2017,3,Neuquén,8.17,2017-07-01
639,2017,3,Río Negro,5.49,2017-07-01
640,2017,3,Salta,6.13,2017-07-01
641,2017,3,San Juan,3.45,2017-07-01
642,2017,3,San Luis,3.5,2017-07-01
643,2017,3,Santa Cruz,3.61,2017-07-01
644,2017,3,Santa Fe,7.79,2017-07-01
645,2017,3,Santiago Del Estero,5.18,2017-07-01
646,2017,3,Tierra Del Fuego,3.48,2017-07-01
647,2017,3,Tucumán,6.39,2017-07-01
648,2017,2,Buenos Aires,7.2,2017-04-01
649,2017,2,Capital Federal,8.84,2017-04-01
650,2017,2,Catamarca,5.1,2017-04-01
651,2017,2,Chaco,7.69,2017-04-01
652,2017,2,Chubut,3.45,2017-04-01
653,2017,2,Córdoba,7.42,2017-04-01
654,2017,2,Corrientes,6.79,2017-04-01
655,2017,2,Entre Ríos,6.29,2017-04-01
656,2017,2,Formosa,6.18,2017-04-01
657,2017,2,Jujuy,4.54,2017-04-01
658,2017,2,La Pampa,3.32,2017-04-01
659,2017,2,La Rioja,5.53,2017-04-01
660,2017,2,Mendoza,3.51,2017-04-01
661,2017,2,Misiones,7.6,2017-04-01
662,2017,2,Neuquén,6.7,2017-04-01
663,2017,2,Río Negro,4.74,2017-04-01
664,2017,2,Salta,5.76,2017-04-01
665,2017,2,San Juan,3.49,2017-04-01
666,2017,2,San Luis,3.5,2017-04-01
667,2017,2,Santa Cruz,3.6,2017-04-01
668,2017,2,Santa Fe,6.84,2017-04-01
669,2017,2,Santiago Del Estero,5.06,2017-04-01
670,2017,2,Tierra Del Fuego,3.48,2017-04-01
671,2017,2,Tucumán,6.09,2017-04-01
672,2017,1,Buenos Aires,6.68,2017-01-01
673,2017,1,Capital Federal,8.35,2017-01-01
674,2017,1,Catamarca,4.97,2017-01-01
675,2017,1,Chaco,7.31,2017-01-01
676,2017,1,Chubut,3.44,2017-01-01
677,2017,1,Córdoba,6.8,2017-01-01
678,2017,1,Corrientes,6.43,2017-01-01
679,2017,1,Entre Ríos,5.95,2017-01-01
680,2017,1,Formosa,5.74,2017-01-01
681,2017,1,Jujuy,4.39,2017-01-01
682,2017,1,La Pampa,3.22,2017-01-01
683,2017,1,La Rioja,5.43,2017-01-01
684,2017,1,Mendoza,3.51,2017-01-01
685,2017,1,Misiones,7.34,2017-01-01
686,2017,1,Neuquén,6.03,2017-01-01
687,2017,1,Río Negro,4.45,2017-01-01
688,2017,1,Salta,5.34,2017-01-01
689,2017,1,San Juan,3.49,2017-01-01
690,2017,1,San Luis,3.5,2017-01-01
691,2017,1,Santa Cruz,3.59,2017-01-01
692,2017,1,Santa Fe,6.28,2017-01-01
693,2017,1,Santiago Del Estero,4.95,2017-01-01
694,2017,1,Tierra Del Fuego,3.48,2017-01-01
695,2017,1,Tucumán,5.88,2017-01-01
696,2016,4,Buenos Aires,6.35,2016-10-01
697,2016,4,Capital Federal,7.96,2016-10-01
698,2016,4,Catamarca,4.89,2016-10-01
699,2016,4,Chaco,7.08,2016-10-01
700,2016,4,Chubut,3.41,2016-10-01
701,2016,4,Córdoba,6.47,2016-10-01
702,2016,4,Corrientes,6.24,2016-10-01
703,2016,4,Entre Ríos,5.81,2016-10-01
704,2016,4,Formosa,5.63,2016-10-01
705,2016,4,Jujuy,4.32,2016-10-01
706,2016,4,La Pampa,3.19,2016-10-01
707,2016,4,La Rioja,5.34,2016-10-01
708,2016,4,Mendoza,3.51,2016-10-01
709,2016,4,Misiones,7.11,2016-10-01
710,2016,4,Neuquén,5.68,2016-10-01
711,2016,4,Río Negro,4.37,2016-10-01
712,2016,4,Salta,5.22,2016-10-01
713,2016,4,San Juan,3.49,2016-10-01
714,2016,4,San Luis,3.5,2016-10-01
715,2016,4,Santa Cruz,3.56,2016-10-01
716,2016,4,Santa Fe,6.04,2016-10-01
717,2016,4,Santiago Del Estero,4.87,2016-10-01
718,2016,4,Tierra Del Fuego,3.48,2016-10-01
719,2016,4,Tucumán,5.73,2016-10-01
720,2016,3,Buenos Aires,5.91,2016-07-01
721,2016,3,Capital Federal,7.38,2016-07-01
722,2016,3,Catamarca,4.73,2016-07-01
723,2016,3,Chaco,6.72,2016-07-01
724,2016,3,Chubut,3.34,2016-07-01
725,2016,3,Córdoba,6.07,2016-07-01
726,2016,3,Corrientes,5.96,2016-07-01
727,2016,3,Entre Ríos,5.59,2016-07-01
728,2016,3,Formosa,5.42,2016-07-01
729,2016,3,Jujuy,4.22,2016-07-01
730,2016,3,La Pampa,3.14,2016-07-01
731,2016,3,La Rioja,5.08,2016-07-01
732,2016,3,Mendoza,3.51,2016-07-01
733,2016,3,Misiones,6.74,2016-07-01
734,2016,3,Neuquén,5.29,2016-07-01
735,2016,3,Río Negro,4.16,2016-07-01
736,2016,3,Salta,5.05,2016-07-01
737,2016,3,San Juan,3.49,2016-07-01
738,2016,3,San Luis,3.5,2016-07-01
739,2016,3,Santa Cruz,3.54,2016-07-01
740,2016,3,Santa Fe,5.68,2016-07-01
741,2016,3,Santiago Del Estero,4.67,2016-07-01
742,2016,3,Tierra Del Fuego,3.48,2016-07-01
743,2016,3,Tucumán,5.54,2016-07-01
744,2016,2,Buenos Aires,5.42,2016-04-01
745,2016,2,Capital Federal,6.58,2016-04-01
746,2016,2,Catamarca,4.36,2016-04-01
747,2016,2,Chaco,6.3,2016-04-01
748,2016,2,Chubut,3.34,2016-04-01
749,2016,2,Córdoba,5.52,2016-04-01
750,2016,2,Corrientes,5.6,2016-04-01
751,2016,2,Entre Ríos,5.13,2016-04-01
752,2016,2,Formosa,5.1,2016-04-01
753,2016,2,Jujuy,3.84,2016-04-01
754,2016,2,La Pampa,3.15,2016-04-01
755,2016,2,La Rioja,4.77,2016-04-01
756,2016,2,Mendoza,3.5,2016-04-01
757,2016,2,Misiones,6.23,2016-04-01
758,2016,2,Neuquén,4.87,2016-04-01
759,2016,2,Río Negro,3.98,2016-04-01
760,2016,2,Salta,4.75,2016-04-01
761,2016,2,San Juan,3.49,2016-04-01
762,2016,2,San Luis,3.5,2016-04-01
763,2016,2,Santa Cruz,3.5,2016-04-01
764,2016,2,Santa Fe,5.14,2016-04-01
765,2016,2,Santiago Del Estero,4.31,2016-04-01
766,2016,2,Tierra Del Fuego,3.48,2016-04-01
767,2016,2,Tucumán,5.2,2016-04-01
768,2016,1,Buenos Aires,4.99,2016-01-01
769,2016,1,Capital Federal,6.05,2016-01-01
770,2016,1,Catamarca,4.2,2016-01-01
771,2016,1,Chaco,5.99,2016-01-01
772,2016,1,Chubut,3.38,2016-01-01
773,2016,1,Córdoba,5.16,2016-01-01
774,2016,1,Corrientes,5.37,2016-01-01
775,2016,1,Entre Ríos,5.08,2016-01-01
776,2016,1,Formosa,4.87,2016-01-01
777,2016,1,Jujuy,3.77,2016-01-01
778,2016,1,La Pampa,3.05,2016-01-01
779,2016,1,La Rioja,4.62,2016-01-01
780,2016,1,Mendoza,3.5,2016-01-01
781,2016,1,Misiones,6.0,2016-01-01
782,2016,1,Neuquén,4.42,2016-01-01
783,2016,1,Río Negro,3.83,2016-01-01
784,2016,1,Salta,4.74,2016-01-01
785,2016,1,San Juan,3.49,2016-01-01
786,2016,1,San Luis,3.5,2016-01-01
787,2016,1,Santa Cruz,3.48,2016-01-01
788,2016,1,Santa Fe,4.9,2016-01-01
789,2016,1,Santiago Del Estero,4.17,2016-01-01
790,2016,1,Tierra Del Fuego,3.48,2016-01-01
791,2016,1,Tucumán,5.0,2016-01-01
792,2015,4,Buenos Aires,4.88,2015-10-01
793,2015,4,Capital Federal,5.93,2015-10-01
794,2015,4,Catamarca,4.12,2015-10-01
795,2015,4,Chaco,5.83,2015-10-01
796,2015,4,Chubut,3.28,2015-10-01
797,2015,4,Córdoba,5.07,2015-10-01
798,2015,4,Corrientes,5.26,2015-10-01
799,2015,4,Entre Ríos,5.01,2015-10-01
800,2015,4,Formosa,4.66,2015-10-01
801,2015,4,Jujuy,3.72,2015-10-01
802,2015,4,La Pampa,2.94,2015-10-01
803,2015,4,La Rioja,4.52,2015-10-01
804,2015,4,Mendoza,3.5,2015-10-01
805,2015,4,Misiones,5.9,2015-10-01
806,2015,4,Neuquén,4.36,2015-10-01
807,2015,4,Río Negro,3.77,2015-10-01
808,2015,4,Salta,4.67,2015-10-01
809,2015,4,San Juan,3.48,2015-10-01
810,2015,4,San Luis,3.5,2015-10-01
811,2015,4,Santa Cruz,3.48,2015-10-01
812,2015,4,Santa Fe,4.81,2015-10-01
813,2015,4,Santiago Del Estero,4.09,2015-10-01
814,2015,4,Tierra Del Fuego,3.47,2015-10-01
815,2015,4,Tucumán,4.88,2015-10-01
816,2015,3,Buenos Aires,4.7,2015-07-01
817,2015,3,Capital Federal,5.66,2015-07-01
818,2015,3,Catamarca,3.88,2015-07-01
819,2015,3,Chaco,5.47,2015-07-01
820,2015,3,Chubut,3.28,2015-07-01
821,2015,3,Córdoba,4.87,2015-07-01
822,2015,3,Corrientes,5.06,2015-07-01
823,2015,3,Entre Ríos,4.77,2015-07-01
824,2015,3,Formosa,4.17,2015-07-01
825,2015,3,Jujuy,3.53,2015-07-01
826,2015,3,La Pampa,2.91,2015-07-01
827,2015,3,La Rioja,4.25,2015-07-01
828,2015,3,Mendoza,3.5,2015-07-01
829,2015,3,Misiones,5.63,2015-07-01
830,2015,3,Neuquén,4.23,2015-07-01
831,2015,3,Río Negro,3.74,2015-07-01
832,2015,3,Salta,4.42,2015-07-01
833,2015,3,San Juan,3.48,2015-07-01
834,2015,3,San Luis,3.5,2015-07-01
835,2015,3,Santa Cruz,3.48,2015-07-01
836,2015,3,Santa Fe,4.56,2015-07-01
837,2015,3,Santiago Del Estero,3.91,2015-07-01
838,2015,3,Tierra Del Fuego,3.48,2015-07-01
839,2015,3,Tucumán,4.57,2015-07-01
840,2015,2,Buenos Aires,4.46,2015-04-01
841,2015,2,Capital Federal,5.31,2015-04-01
842,2015,2,Catamarca,3.68,2015-04-01
843,2015,2,Chaco,5.19,2015-04-01
844,2015,2,Chubut,3.22,2015-04-01
845,2015,2,Córdoba,4.56,2015-04-01
846,2015,2,Corrientes,4.85,2015-04-01
847,2015,2,Entre Ríos,4.55,2015-04-01
848,2015,2,Formosa,3.76,2015-04-01
849,2015,2,Jujuy,3.41,2015-04-01
850,2015,2,La Pampa,2.86,2015-04-01
851,2015,2,La Rioja,4.0,2015-04-01
852,2015,2,Mendoza,3.5,2015-04-01
853,2015,2,Misiones,5.33,2015-04-01
854,2015,2,Neuquén,4.06,2015-04-01
855,2015,2,Río Negro,3.67,2015-04-01
856,2015,2,Salta,4.22,2015-04-01
857,2015,2,San Juan,3.48,2015-04-01
858,2015,2,San Luis,3.5,2015-04-01
859,2015,2,Santa Cruz,3.47,2015-04-01
860,2015,2,Santa Fe,4.3,2015-04-01
861,2015,2,Santiago Del Estero,3.73,2015-04-01
862,2015,2,Tierra Del Fuego,3.48,2015-04-01
863,2015,2,Tucumán,4.31,2015-04-01
864,2015,1,Buenos Aires,4.32,2015-01-01
865,2015,1,Capital Federal,5.0,2015-01-01
866,2015,1,Catamarca,3.48,2015-01-01
867,2015,1,Chaco,4.9,2015-01-01
868,2015,1,Chubut,3.21,2015-01-01
869,2015,1,Córdoba,4.3,2015-01-01
870,2015,1,Corrientes,4.63,2015-01-01
871,2015,1,Entre Ríos,4.35,2015-01-01
872,2015,1,Formosa,3.38,2015-01-01
873,2015,1,Jujuy,3.24,2015-01-01
874,2015,1,La Pampa,2.83,2015-01-01
875,2015,1,La Rioja,3.78,2015-01-01
876,2015,1,Mendoza,3.5,2015-01-01
877,2015,1,Misiones,4.97,2015-01-01
878,2015,1,Neuquén,3.91,2015-01-01
879,2015,1,Río Negro,3.59,2015-01-01
880,2015,1,Salta,4.02,2015-01-01
881,2015,1,San Juan,3.48,2015-01-01
882,2015,1,San Luis,3.5,2015-01-01
883,2015,1,Santa Cruz,3.47,2015-01-01
884,2015,1,Santa Fe,4.06,2015-01-01
885,2015,1,Santiago Del Estero,3.57,2015-01-01
886,2015,1,Tierra Del Fuego,3.45,2015-01-01
887,2015,1,Tucumán,4.07,2015-01-01
888,2014,4,Buenos Aires,4.2,2014-10-01
889,2014,4,Capital Federal,4.78,2014-10-01
890,2014,4,Catamarca,3.34,2014-10-01
891,2014,4,Chaco,3.98,2014-10-01
892,2014,4,Chubut,3.17,2014-10-01
893,2014,4,Córdoba,4.09,2014-10-01
894,2014,4,Corrientes,3.81,2014-10-01
895,2014,4,Entre Ríos,3.8,2014-10-01
896,2014,4,Formosa,3.02,2014-10-01
897,2014,4,Jujuy,3.13,2014-10-01
898,2014,4,La Pampa,2.75,2014-10-01
899,2014,4,La Rioja,3.58,2014-10-01
900,2014,4,Mendoza,3.5,2014-10-01
901,2014,4,Misiones,4.03,2014-10-01
902,2014,4,Neuquén,3.85,2014-10-01
903,2014,4,Río Negro,3.54,2014-10-01
904,2014,4,Salta,3.86,2014-10-01
905,2014,4,San Juan,3.48,2014-10-01
906,2014,4,San Luis,3.5,2014-10-01
907,2014,4,Santa Cruz,3.33,2014-10-01
908,2014,4,Santa Fe,3.78,2014-10-01
909,2014,4,Santiago Del Estero,3.46,2014-10-01
910,2014,4,Tierra Del Fuego,3.47,2014-10-01
911,2014,4,Tucumán,3.86,2014-10-01
912,2014,3,Buenos Aires,3.97,2014-07-01
913,2014,3,Capital Federal,4.44,2014-07-01
914,2014,3,Catamarca,2.92,2014-07-01
915,2014,3,Chaco,3.46,2014-07-01
916,2014,3,Chubut,3.17,2014-07-01
917,2014,3,Córdoba,3.66,2014-07-01
918,2014,3,Corrientes,3.41,2014-07-01
919,2014,3,Entre Ríos,3.4,2014-07-01
920,2014,3,Formosa,2.66,2014-07-01
921,2014,3,Jujuy,2.93,2014-07-01
922,2014,3,La Pampa,2.82,2014-07-01
923,2014,3,La Rioja,3.1,2014-07-01
924,2014,3,Mendoza,3.5,2014-07-01
925,2014,3,Misiones,3.58,2014-07-01
926,2014,3,Neuquén,3.74,2014-07-01
927,2014,3,Río Negro,3.48,2014-07-01
928,2014,3,Salta,3.41,2014-07-01
929,2014,3,San Juan,3.47,2014-07-01
930,2014,3,San Luis,3.5,2014-07-01
931,2014,3,Santa Cruz,3.31,2014-07-01
932,2014,3,Santa Fe,3.38,2014-07-01
933,2014,3,Santiago Del Estero,3.1,2014-07-01
934,2014,3,Tierra Del Fuego,3.47,2014-07-01
935,2014,3,Tucumán,3.35,2014-07-01
936,2014,2,Buenos Aires,3.85,2014-04-01
937,2014,2,Capital Federal,4.25,2014-04-01
938,2014,2,Catamarca,2.92,2014-04-01
939,2014,2,Chaco,3.42,2014-04-01
940,2014,2,Chubut,3.16,2014-04-01
941,2014,2,Córdoba,3.56,2014-04-01
942,2014,2,Corrientes,3.37,2014-04-01
943,2014,2,Entre Ríos,3.31,2014-04-01
944,2014,2,Formosa,2.65,2014-04-01
945,2014,2,Jujuy,2.77,2014-04-01
946,2014,2,La Pampa,2.68,2014-04-01
947,2014,2,La Rioja,3.1,2014-04-01
948,2014,2,Mendoza,3.5,2014-04-01
949,2014,2,Misiones,3.54,2014-04-01
950,2014,2,Neuquén,3.66,2014-04-01
951,2014,2,Río Negro,3.43,2014-04-01
952,2014,2,Salta,3.39,2014-04-01
953,2014,2,San Juan,3.47,2014-04-01
954,2014,2,San Luis,3.5,2014-04-01
955,2014,2,Santa Cruz,3.32,2014-04-01
956,2014,2,Santa Fe,3.31,2014-04-01
957,2014,2,Santiago Del Estero,3.07,2014-04-01
958,2014,2,Tierra Del Fuego,3.47,2014-04-01
959,2014,2,Tucumán,3.35,2014-04-01
960,2014,1,Buenos Aires,3.73,2014-01-01
961,2014,1,Capital Federal,4.02,2014-01-01
962,2014,1,Catamarca,2.8,2014-01-01
963,2014,1,Chaco,3.26,2014-01-01
964,2014,1,Chubut,3.18,2014-01-01
965,2014,1,Córdoba,3.39,2014-01-01
966,2014,1,Corrientes,3.22,2014-01-01
967,2014,1,Entre Ríos,3.17,2014-01-01
968,2014,1,Formosa,2.57,2014-01-01
969,2014,1,Jujuy,2.69,2014-01-01
970,2014,1,La Pampa,2.65,2014-01-01
971,2014,1,La Rioja,2.96,2014-01-01
972,2014,1,Mendoza,3.5,2014-01-01
973,2014,1,Misiones,3.4,2014-01-01
974,2014,1,Neuquén,3.55,2014-01-01
975,2014,1,Río Negro,3.35,2014-01-01
976,2014,1,Salta,3.3,2014-01-01
977,2014,1,San Juan,3.47,2014-01-01
978,2014,1,San Luis,3.5,2014-01-01
979,2014,1,Santa Cruz,3.32,2014-01-01
980,2014,1,Santa Fe,3.15,2014-01-01
981,2014,1,Santiago Del Estero,2.95,2014-01-01
982,2014,1,Tierra Del Fuego,3.45,2014-01-01
983,2014,1,Tucumán,3.21,2014-01-01
